Date,SPY,TLT,GLD,DBMF
2007-02-22,102.016663,47.966652,67.150002,18.333862
2007-02-23,101.617996,48.309227,67.720001,18.333862
2007-02-26,101.527069,48.63002,68.099998,18.333862
2007-02-27,97.561668,49.244492,65.410004,18.333862
2007-02-28,98.56179,49.021564,66.480003,18.333862
2007-03-01,98.267998,48.990448,65.82,18.333862
2007-03-02,96.981216,49.236088,63.709999,18.333862
2007-03-05,96.05806,49.317974,62.93,18.165191
2007-03-06,97.701569,49.170601,64.150002,18.172524
2007-03-07,97.603653,49.361626,64.300003,18.231194
2007-03-08,98.428902,49.317974,64.480003,18.223859
2007-03-09,98.456909,48.799408,64.25,18.231194
2007-03-12,98.603745,48.990448,64.370003,18.165191
2007-03-13,96.687485,49.285225,63.720001,18.150525
2007-03-14,97.407806,49.06144,63.939999,18.135857
2007-03-15,97.540718,49.055939,63.98,18.069852
2007-03-16,97.267593,49.045013,64.620003,18.055188
2007-03-19,98.440163,48.941364,64.739998,18.069852
2007-03-20,98.980766,48.968662,65.269997,18.084522
2007-03-21,100.609726,48.990448,65.82,18.179855
2007-03-22,100.532516,48.602905,65.760002,18.260528
2007-03-23,100.67997,48.46645,65.150002,18.223859
2007-03-26,100.546585,48.526451,65.839996,18.275192
2007-03-27,100.3078,48.444618,65.699997,18.289862
2007-03-28,99.577606,48.34634,66.050003,18.319198
2007-03-29,99.682961,48.280846,65.650002,18.407198
2007-03-30,99.703979,48.188065,65.739998,18.355859
2007-04-02,99.816345,48.268063,65.849998,18.333862
2007-04-03,100.890633,48.207809,65.830002,18.194525
2007-04-04,101.002968,48.257114,66.809998,18.260528
2007-04-05,101.276794,48.076279,66.860001,18.319198
2007-04-09,101.417252,47.758514,66.529999,18.260528
2007-04-10,101.536621,47.900986,67.160004,18.348528
2007-04-11,101.122292,47.868092,67.080002,18.363198
2007-04-12,101.571701,47.879028,66.989998,18.377862
2007-04-13,102.035088,47.731148,67.839996,18.414533
2007-04-16,103.004074,47.994122,68.400002,18.363198
2007-04-17,103.277908,48.262581,68.0,18.304528
2007-04-18,103.404289,48.503624,68.379997,18.304528
2007-04-19,103.376198,48.421459,67.529999,18.304528
2007-04-20,104.352135,48.295437,68.699997,18.333862
2007-04-23,103.958992,48.470776,68.260002,18.399867
2007-04-24,104.001068,48.651535,67.730003,18.348528
2007-04-25,104.956009,48.481739,67.889999,18.495202
2007-04-26,105.075325,48.131084,66.870003,18.43653
2007-04-27,104.991127,48.120113,67.559998,18.509866
2007-04-30,104.120453,48.624176,67.089996,18.480532
2007-05-01,104.38723,48.659382,66.690002,18.509866
2007-05-02,104.998108,48.631916,66.660004,18.465868
2007-05-03,105.566917,48.521893,67.489998,18.487867
2007-05-04,105.967072,48.719841,68.190002,18.465868
2007-05-07,105.988159,48.851822,68.25,18.429197
2007-05-08,105.847717,48.741852,67.879997,18.451198
2007-05-09,106.135635,48.549355,67.449997,18.421862
2007-05-10,105.026207,48.664867,66.0,18.399867
2007-05-11,105.924973,48.494404,66.449997,18.421862
2007-05-14,105.693291,48.367935,66.279999,18.399867
2007-05-15,105.721344,48.351425,66.540001,18.421862
2007-05-16,106.444519,48.318485,65.599998,18.311861
2007-05-17,106.233917,48.120461,65.059998,18.385199
2007-05-18,107.160721,47.801544,65.519997,18.443865
2007-05-21,107.104599,47.944489,65.669998,18.451198
2007-05-22,107.020279,47.697052,65.199997,18.399867
2007-05-23,107.034332,47.559601,65.540001,18.429197
2007-05-24,106.065384,47.603596,64.75,18.297195
2007-05-25,106.507751,47.493591,64.940002,18.348528
2007-05-29,106.893875,47.488113,65.07,18.304528
2007-05-30,107.76458,47.58709,64.720001,18.24586
2007-05-31,107.652275,47.499123,65.540001,18.289862
2007-06-01,108.18586,47.249584,66.440002,18.348528
2007-06-04,108.19989,47.464905,66.540001,18.451198
2007-06-05,107.771622,47.166775,66.370003,18.414533
2007-06-06,106.61306,47.144672,66.410004,18.421862
2007-06-07,104.689194,46.300049,65.260002,18.451198
2007-06-08,106.051308,46.261417,64.220001,18.348528
2007-06-11,106.233917,46.128922,64.699997,18.465868
2007-06-12,105.075325,45.46096,64.099998,18.458533
2007-06-13,106.648178,46.001949,64.529999,18.539198
2007-06-14,107.329224,45.886032,64.599998,18.649203
2007-06-15,107.939941,46.200695,64.849998,18.729879
2007-06-18,107.812988,46.10685,64.949997,18.74454
2007-06-19,108.081001,46.537445,65.480003,18.612536
2007-06-20,106.578949,46.162056,64.709999,18.634535
2007-06-21,107.171295,45.941238,64.559998,18.597864
2007-06-22,106.162933,46.239338,64.779999,18.553866
2007-06-25,105.655159,46.493324,64.43,18.531865
2007-06-26,104.569214,46.504288,63.619999,18.495202
2007-06-27,106.057129,46.548466,63.669998,18.480532
2007-06-28,106.043022,46.537445,64.260002,18.487867
2007-06-29,106.078285,47.01775,64.269997,18.553866
2007-07-02,107.03727,47.264931,65.019997,18.605205
2007-07-03,107.425163,46.976681,64.739998,18.590535
2007-07-05,107.312332,46.450256,64.419998,18.671208
2007-07-06,107.876465,46.261837,64.959999,18.722541
2007-07-09,107.961098,46.428104,65.379997,18.707871
2007-07-10,106.423775,47.215008,65.610001,18.707871
2007-07-11,107.178352,46.727352,65.440002,18.700538
2007-07-12,108.870758,46.566582,66.019997,18.685872
2007-07-13,109.19516,46.694073,66.029999,18.74454
2007-07-16,109.180977,47.142971,65.82,18.539198
2007-07-17,109.124603,47.043209,65.75,18.451198
2007-07-18,108.927139,47.220531,66.620003,18.539198
2007-07-19,109.350227,47.209496,67.010002,18.590535
2007-07-20,108.243134,47.636154,67.580002,18.502533
2007-07-23,108.574577,47.558563,67.470001,18.363198
2007-07-24,106.691811,47.735947,67.470001,18.282529
2007-07-25,106.910408,47.830139,66.900002,18.370527
2007-07-26,104.378868,48.22913,65.650002,18.304528
2007-07-27,102.326782,48.367661,65.410004,18.385199
2007-07-30,103.927536,48.22913,65.769997,18.399867
2007-07-31,102.756958,48.578278,65.790001,18.414533
2007-08-01,103.257607,48.473076,65.93,18.333862
2007-08-02,104.082626,48.595501,65.889999,18.341195
2007-08-03,101.402985,48.918163,66.690002,18.253195
2007-08-06,103.10244,48.562122,66.519997,18.106523
2007-08-07,104.202522,48.523174,66.480003,18.135857
2007-08-08,105.655159,47.933502,66.769997,18.135857
2007-08-09,102.524246,48.000214,65.459999,18.106523
2007-08-10,102.044724,47.888958,66.57,18.069852
2007-08-13,102.411392,48.028049,66.260002,18.091853
2007-08-14,100.845909,48.155998,66.290001,18.077191
2007-08-15,99.456772,47.983536,66.129997,18.069852
2007-08-16,100.204254,48.478703,64.68,17.908518
2007-08-17,102.044724,48.283943,65.010002,18.011184
2007-08-20,101.995392,48.311775,65.120003,17.959851
2007-08-21,102.199844,48.545429,65.07,17.952516
2007-08-22,103.41272,48.467567,65.400002,18.003849
2007-08-23,103.32106,48.634426,65.309998,18.062523
2007-08-24,104.597481,48.873631,66.110001,18.143192
2007-08-27,103.624306,49.129597,65.980003,18.172524
2007-08-28,101.346596,49.213028,65.589996,18.165191
2007-08-29,103.335159,49.079517,66.07,18.223859
2007-08-30,103.060196,49.407776,65.800003,18.260528
2007-08-31,104.075615,49.44669,66.519997,18.260528
2007-09-04,105.126297,49.470146,67.440002,18.333862
2007-09-05,104.216644,49.866779,67.559998,18.385199
2007-09-06,104.456375,49.738277,68.860001,18.341195
2007-09-07,103.003761,50.442131,69.389999,18.495202
2007-09-10,102.806282,50.83316,69.620003,18.539198
2007-09-11,104.005104,50.794048,70.519997,18.480532
2007-09-12,104.273064,50.604137,70.459999,18.517201
2007-09-13,105.006401,50.151611,70.080002,18.43653
2007-09-14,104.999352,50.224308,69.989998,18.443865
2007-09-17,104.435272,50.464451,70.970001,18.43653
2007-09-18,107.509743,50.084614,71.699997,18.421862
2007-09-19,108.144371,49.620979,71.43,18.311861
2007-09-20,107.382858,48.682507,72.720001,18.333862
2007-09-21,107.67263,49.095898,72.339996,18.363198
2007-09-24,107.474274,49.235531,72.279999,18.348528
2007-09-25,107.261658,49.062366,72.330002,18.370527
2007-09-26,107.828484,49.107044,72.0,18.407198
2007-09-27,108.466141,49.4478,72.699997,18.473201
2007-09-28,108.104797,49.559509,73.510002,18.473201
2007-10-01,109.323494,49.84269,73.900002,18.392528
2007-10-02,109.174652,49.999718,72.349998,18.282529
2007-10-03,108.955002,49.853947,71.900002,18.253195
2007-10-04,109.125107,50.044601,72.870003,18.311861
2007-10-05,110.421692,49.506245,73.400002,18.260528
2007-10-08,109.833557,49.466976,72.529999,18.091853
2007-10-09,110.867981,49.405323,73.089996,18.143192
2007-10-10,110.683792,49.433361,73.360001,18.231194
2007-10-11,110.15242,49.382866,73.910004,18.326529
2007-10-12,110.761719,49.141727,74.589996,18.326529
2007-10-15,109.82653,49.152966,75.139999,18.465868
2007-10-16,108.955002,49.169758,75.120003,18.465868
2007-10-17,109.288025,49.708134,74.5,18.480532
2007-10-18,108.89122,49.982937,76.0,18.619867
2007-10-19,106.043076,50.728771,75.699997,18.634535
2007-10-22,106.65947,50.734348,74.599998,18.524534
2007-10-23,107.523811,50.667076,75.230003,18.502533
2007-10-24,107.325462,51.042789,75.519997,18.575869
2007-10-25,107.580544,50.868938,76.029999,18.751873
2007-10-26,108.841667,50.751171,77.690002,18.861874
2007-10-29,109.202995,50.947464,78.120003,18.986545
2007-10-30,108.444931,50.919407,77.349998,18.84721
2007-10-31,109.571426,50.459599,78.620003,19.008546
2007-11-01,107.00663,51.115234,77.93,18.957216
2007-11-02,107.127083,51.278572,79.830002,19.089222
2007-11-05,106.312279,51.256027,79.75,19.03055
2007-11-06,107.743515,51.008163,81.43,19.169889
2007-11-07,104.796059,51.098305,82.239998,19.250558
2007-11-08,104.264687,51.008163,82.230003,19.257889
2007-11-09,102.833458,51.441887,82.18,19.331227
2007-11-12,101.81324,51.627789,78.300003,19.22855
2007-11-13,104.916527,51.43631,79.120003,19.081887
2007-11-14,104.625961,51.492603,80.279999,19.14789
2007-11-15,103.116821,51.977009,77.949997,19.14789
2007-11-16,103.293991,52.050194,77.75,19.199221
2007-11-19,101.855736,52.388195,77.239998,19.257889
2007-11-20,102.479248,52.331844,79.470001,19.433893
2007-11-21,100.382057,52.63596,79.360001,19.499896
2007-11-23,102.117889,52.793736,81.25,19.580565
2007-11-26,99.864799,53.83572,81.300003,19.624567
2007-11-27,101.012589,53.323166,80.099998,19.465409
2007-11-28,104.243439,52.962673,79.57,19.311389
2007-11-29,104.278847,53.418926,78.279999,19.296721
2007-11-30,105.327438,53.15984,77.32,19.120694
2007-12-03,104.633072,53.581654,78.279999,19.223375
2007-12-04,103.697876,53.576042,79.400002,19.274718
2007-12-05,105.433708,52.937027,78.629997,19.194041
2007-12-06,106.942833,52.473297,79.370003,19.260048
2007-12-07,106.9216,51.885193,78.599998,19.164703
2007-12-10,107.750534,51.574169,80.0,19.201372
2007-12-11,104.796059,52.586407,78.839996,19.34073
2007-12-12,105.830482,52.043522,80.489998,19.546089
2007-12-13,105.610832,51.478024,78.5,19.42874
2007-12-14,104.271782,51.240532,78.519997,19.304054
2007-12-17,102.783882,51.69857,78.129997,19.34073
2007-12-18,103.35778,52.032207,79.25,19.304054
2007-12-19,103.35778,52.722134,79.239998,19.362729
2007-12-20,104.009613,52.609009,78.669998,19.34073
2007-12-21,105.508942,51.839958,80.099998,19.355389
2007-12-24,106.292427,51.596775,80.139999,19.355389
2007-12-26,106.520401,51.144333,81.519997,19.465409
2007-12-27,105.181282,51.70192,81.559998,19.55342
2007-12-28,104.917747,52.508171,83.0,19.626766
2007-12-31,104.141373,52.826077,82.459999,19.634101
2008-01-02,103.22966,53.586922,84.860001,19.956813
2008-01-03,103.179848,53.513142,85.57,19.956813
2008-01-04,100.651253,53.524475,85.129997,19.971479
2008-01-07,100.565781,53.757252,84.769997,19.839465
2008-01-08,98.94178,53.694839,86.779999,19.890802
2008-01-09,99.981712,53.796986,86.550003,19.898139
2008-01-10,100.637054,53.070255,88.25,19.8468
2008-01-11,99.825005,53.484745,88.580002,19.898139
2008-01-14,100.629929,53.683475,89.540001,19.993487
2008-01-15,98.414719,54.285316,87.989998,19.942147
2008-01-16,97.567116,53.893555,86.699997,19.861468
2008-01-17,95.038528,54.591904,86.5,19.839465
2008-01-18,94.062744,54.217178,87.419998,19.817462
2008-01-22,93.108307,54.796345,88.169998,19.744117
2008-01-23,95.344864,54.671394,87.889999,19.590093
2008-01-24,96.149712,53.575581,90.080002,19.751452
2008-01-25,94.760742,54.478363,90.300003,19.861468
2008-01-28,96.327751,54.273964,91.75,19.920142
2008-01-29,96.804962,53.90493,91.150002,19.883471
2008-01-30,96.09269,53.552872,92.059998,19.927477
2008-01-31,97.844902,53.933289,91.400002,19.912803
2008-02-01,99.419022,54.25745,89.349998,19.810129
2008-02-04,98.165405,53.699139,89.099998,19.890802
2008-02-05,95.53714,54.109352,87.68,19.8468
2008-02-06,94.767876,53.944084,88.949997,19.810129
2008-02-07,95.394646,52.781811,89.849998,19.758789
2008-02-08,94.782135,53.385773,91.0,19.964146
2008-02-11,95.266479,53.608006,91.330002,20.022825
2008-02-12,96.149712,53.288883,89.330002,19.90547
2008-02-13,97.132614,52.724819,89.440002,19.890802
2008-02-14,96.277878,51.949978,89.709999,20.08883
2008-02-15,96.256554,52.348843,89.150002,20.08883
2008-02-19,96.527214,51.818962,91.580002,20.279523
2008-02-20,96.81208,52.177906,93.239998,20.264859
2008-02-21,96.007248,52.730522,93.25,20.294191
2008-02-22,96.598419,52.428581,93.389999,20.389541
2008-02-25,97.816399,51.893024,92.739998,20.470216
2008-02-26,98.550018,51.910084,93.709999,20.62424
2008-02-27,98.45034,51.955624,94.779999,20.61691
2008-02-28,97.488731,52.878693,95.989998,20.829604
2008-02-29,95.316338,53.687737,96.18,20.873608
2008-03-03,95.088379,53.549347,97.239998,20.976293
2008-03-04,94.725151,53.028961,95.18,20.814936
2008-03-05,95.323433,52.394203,97.720001,21.0423
2008-03-06,93.350456,52.674381,96.5,21.005627
2008-03-07,92.388908,52.742985,96.089996,20.917614
2008-03-10,91.170898,53.520737,95.870003,21.034971
2008-03-11,94.447342,53.063225,95.989998,21.034971
2008-03-12,93.564156,54.086895,97.010002,21.22566
2008-03-13,93.770691,53.663715,98.339996,21.328341
2008-03-14,92.317665,54.327068,98.709999,21.321004
2008-03-17,91.384583,54.74453,99.169998,20.990957
2008-03-18,95.180992,54.532936,96.5,21.093641
2008-03-19,92.823364,55.436466,93.040001,20.675582
2008-03-20,94.542694,55.573727,89.910004,20.448217
2008-03-24,96.432426,54.498627,90.099998,20.448217
2008-03-25,96.525513,54.727398,92.730003,20.675582
2008-03-26,95.344398,54.498627,93.800003,20.939617
2008-03-27,95.043793,54.115498,93.459999,20.976293
2008-03-28,94.134735,54.641602,91.879997,20.888276
2008-03-31,94.463959,54.836033,90.410004,20.726921
2008-04-01,97.785294,53.943562,86.860001,20.543561
2008-04-02,97.849724,54.058426,89.269997,20.748924
2008-04-03,98.093094,54.179001,89.419998,20.682915
2008-04-04,97.985733,54.672909,90.25,20.829604
2008-04-07,98.035812,54.385777,91.169998,20.866275
2008-04-08,97.935631,54.196274,90.349998,20.822267
2008-04-09,97.227005,54.759094,92.290001,21.086306
2008-04-10,97.362968,54.575294,91.769997,21.027632
2008-04-11,95.473251,54.942886,91.300003,21.020297
2008-04-14,95.151131,54.621239,91.110001,21.056968
2008-04-15,95.373039,53.943562,91.660004,21.093641
2008-04-16,97.957115,53.415237,93.269997,21.188987
2008-04-17,98.100258,53.323334,92.559998,21.093641
2008-04-18,99.123833,53.27739,90.620003,21.056968
2008-04-21,99.173943,53.489861,90.25,21.071634
2008-04-22,98.737274,53.673611,90.269997,21.188987
2008-04-23,98.579811,53.495644,89.220001,21.086306
2008-04-24,99.009346,53.04192,87.220001,20.910283
2008-04-25,99.925545,52.731812,87.269997,20.932282
2008-04-28,99.947021,52.892582,87.690002,20.998294
2008-04-29,99.553307,53.09362,85.809998,20.836939
2008-04-30,98.966347,53.472668,86.650002,20.814936
2008-05-01,101.013542,53.47617,83.989998,20.675582
2008-05-02,101.292725,52.801781,84.580002,20.814936
2008-05-05,100.805962,52.801781,86.269997,20.998294
2008-05-06,101.679253,52.421356,86.629997,21.020297
2008-05-07,99.868309,52.646111,85.82,21.0423
2008-05-08,99.610588,53.118767,87.239998,20.95429
2008-05-09,99.424446,53.314701,87.419998,20.968956
2008-05-12,100.541122,53.234016,86.989998,20.96162
2008-05-13,100.555389,52.651871,85.389999,21.100974
2008-05-14,100.763016,52.674934,85.199997,21.115642
2008-05-15,102.022835,53.153339,87.0,21.086306
2008-05-16,102.115898,52.934299,89.099998,21.122978
2008-05-19,102.39502,53.003513,89.389999,21.130311
2008-05-20,101.564682,53.280163,90.900002,21.210992
2008-05-21,99.846756,53.29166,91.959999,21.277002
2008-05-22,99.861061,52.663425,90.980003,21.328341
2008-05-23,98.522575,52.893948,91.230003,21.277002
2008-05-27,99.252663,52.536621,89.360001,21.277002
2008-05-28,99.710831,52.069717,89.139999,21.343007
2008-05-29,100.21183,51.69511,86.510002,21.291668
2008-05-30,100.462395,52.035164,87.449997,21.240326
2008-06-02,99.424446,52.235912,87.959999,21.210992
2008-06-03,98.844673,52.611916,86.879997,21.218325
2008-06-04,98.794563,52.14336,86.650002,21.130311
2008-06-05,100.770187,51.830967,86.449997,21.218325
2008-06-06,97.556213,52.502007,89.059998,21.365012
2008-06-09,97.792465,52.502007,87.989998,21.284335
2008-06-10,97.30574,52.160683,85.550003,21.262329
2008-06-11,95.874107,52.039234,87.019997,21.240326
2008-06-12,96.239128,51.518574,85.599998,21.328341
2008-06-13,97.456024,51.408691,85.830002,21.196324
2008-06-16,97.513275,51.420235,87.010002,21.166986
2008-06-17,97.040871,51.524342,87.25,21.108307
2008-06-18,96.096016,51.958206,88.279999,21.122978
2008-06-19,96.217705,51.651649,88.419998,21.0423
2008-06-20,94.655937,51.952465,88.949997,21.108307
2008-06-23,94.562408,52.062332,87.089996,21.203657
2008-06-24,94.375366,52.409447,87.470001,21.210992
2008-06-25,94.821411,52.432564,87.419998,21.071634
2008-06-26,92.245979,52.785461,90.610001,21.005627
2008-06-27,91.742462,53.404427,91.470001,20.998294
2008-06-30,92.066177,53.416,91.400002,21.064299
2008-07-01,92.353912,53.289406,92.660004,21.020297
2008-07-02,90.771286,53.568092,93.169998,21.020297
2008-07-03,90.864777,53.451923,92.059998,20.968956
2008-07-07,89.936798,53.695797,91.230003,20.814936
2008-07-08,91.533783,54.044109,90.860001,20.594904
2008-07-09,89.771317,54.282166,91.5,20.638909
2008-07-10,90.138237,54.276375,93.529999,20.807596
2008-07-11,89.087921,53.504246,95.160004,20.858942
2008-07-14,88.282227,53.974464,95.910004,20.844274
2008-07-15,87.037697,53.95705,96.169998,20.602235
2008-07-16,89.174263,52.981739,94.440002,20.477551
2008-07-17,90.066269,52.708885,94.220001,20.257526
2008-07-18,90.627411,52.511467,94.169998,20.154837
2008-07-21,90.677773,52.714619,95.120003,20.169512
2008-07-22,91.706467,52.453438,93.059998,20.00082
2008-07-23,92.20282,52.348907,90.57,19.817462
2008-07-24,90.289284,52.859798,91.330002,19.780786
2008-07-25,90.267708,52.331509,91.690002,19.758789
2008-07-28,88.944069,52.859798,91.730003,19.817462
2008-07-29,90.843193,52.644958,90.589996,19.714775
2008-07-30,92.461815,52.69722,89.519997,19.832132
2008-07-31,91.238876,53.219765,90.080002,19.810129
2008-08-01,90.756889,53.33746,89.57,19.729447
2008-08-04,89.915222,53.215057,88.139999,19.531417
2008-08-05,92.339531,52.818871,86.080002,19.362729
2008-08-06,92.749565,52.603268,86.639999,19.487415
2008-08-07,91.368347,53.459808,86.089996,19.384732
2008-08-08,93.066071,53.605518,84.43,19.546089
2008-08-11,94.030029,53.092762,81.129997,19.55342
2008-08-12,93.051689,53.587978,80.519997,19.531417
2008-08-13,92.490585,53.401554,81.559998,19.289384
2008-08-14,93.18837,53.745316,79.349998,19.267381
2008-08-15,93.641579,54.211437,77.629997,19.480082
2008-08-18,92.361099,54.427021,78.800003,19.326058
2008-08-19,91.353943,54.217258,80.43,19.274718
2008-08-20,91.778404,54.368805,80.059998,19.216042
2008-08-21,91.936661,54.269688,82.300003,18.988675
2008-08-22,93.267517,54.234734,81.080002,19.106024
2008-08-25,91.375542,54.776649,80.93,19.084025
2008-08-26,91.641708,54.823265,81.230003,19.084025
2008-08-27,92.533768,54.916492,81.360001,19.106024
2008-08-28,93.655998,54.922333,82.18,19.172036
2008-08-29,92.648827,54.677586,81.709999,19.150035
2008-09-02,92.073334,55.186321,79.199997,19.260048
2008-09-03,91.994232,55.420258,78.889999,19.282053
2008-09-04,89.224617,55.864719,78.389999,19.274718
2008-09-05,89.505157,55.835457,78.980003,19.465409
2008-09-08,91.353943,56.069359,78.860001,19.546089
2008-09-09,88.641891,56.624924,76.489998,19.597428
2008-09-10,89.001595,56.27401,74.220001,19.714775
2008-09-11,90.289284,56.244835,73.080002,19.729447
2008-09-12,90.706505,55.51965,75.550003,19.50942
2008-09-15,86.390221,57.320797,77.559998,19.502085
2008-09-16,87.836182,57.309158,76.790001,19.707442
2008-09-17,83.886826,57.595703,85.459999,19.399402
2008-09-18,86.375877,56.753593,82.800003,19.443408
2008-09-19,89.806152,54.952484,85.980003,19.245378
2008-09-22,87.773026,54.946545,89.18,18.849321
2008-09-23,85.776039,54.736076,88.32,18.944667
2008-09-24,86.050964,54.975826,86.709999,19.010681
2008-09-25,87.39679,54.8647,86.449997,19.054687
2008-09-26,87.440231,55.26239,86.639999,19.106024
2008-09-29,80.588264,56.870541,89.57,19.450741
2008-09-30,83.923752,55.484592,85.07,19.692776
2008-10-01,83.974442,56.182674,85.970001,19.773451
2008-10-02,80.928314,56.634274,82.330002,20.140171
2008-10-03,79.835739,57.132847,82.589996,20.140171
2008-10-06,75.769463,58.171116,84.279999,20.800266
2008-10-07,72.376007,57.995174,87.269997,20.646244
2008-10-08,70.552689,57.162197,89.419998,20.609572
2008-10-09,65.625374,56.681217,89.900002,20.558231
2008-10-10,64.033577,56.282345,83.220001,21.115642
2008-10-13,73.331116,55.560852,81.989998,20.836939
2008-10-14,72.245789,55.203045,82.199997,20.70492
2008-10-15,65.133377,55.730965,83.309998,21.144983
2008-10-16,67.846619,55.443501,79.290001,21.22566
2008-10-17,67.441437,55.062298,77.209999,21.078971
2008-10-20,71.493317,55.502144,78.5,21.086306
2008-10-21,69.358856,55.795448,76.029999,21.39435
2008-10-22,65.581947,56.927624,71.709999,21.966432
2008-10-23,66.341675,57.34993,70.650002,22.069108
2008-10-24,62.9772,56.739864,72.209999,22.406488
2008-10-27,60.741432,56.780937,72.18,22.33315
2008-10-28,67.839409,55.953827,73.790001,22.017771
2008-10-29,67.347397,55.672333,74.0,21.482363
2008-10-30,69.677231,55.167866,72.709999,21.56304
2008-10-31,70.060677,54.452217,71.339996,21.702396
2008-11-03,70.263268,54.599445,71.099998,21.73173
2008-11-04,72.650963,55.624153,75.480003,21.409018
2008-11-05,69.597603,56.283791,72.800003,21.7464
2008-11-06,65.741142,55.877403,72.220001,22.105784
2008-11-07,67.911751,55.512314,72.5,22.069108
2008-11-10,67.021774,55.783203,73.580002,21.922426
2008-11-11,64.952446,55.948128,72.050003,22.179124
2008-11-12,62.094456,56.307293,70.0,22.479835
2008-11-13,65.965431,54.958633,72.150002,22.296475
2008-11-14,62.673325,56.04821,73.300003,22.135122
2008-11-17,61.841232,56.295555,72.650002,22.230467
2008-11-18,63.006123,57.019917,72.510002,22.259806
2008-11-19,58.968765,58.48048,72.260002,22.325811
2008-11-20,54.591309,61.501675,73.449997,22.523839
2008-11-21,57.536152,60.612362,78.849998,22.457832
2008-11-24,61.522865,59.664173,80.910004,21.937089
2008-11-25,61.978729,61.419254,80.870003,21.846471
2008-11-26,64.373642,61.501675,80.379997,21.801537
2008-11-28,65.183998,62.261391,80.309998,21.838982
2008-12-01,59.410133,64.645706,75.650002,22.235917
2008-12-02,61.696529,64.893921,76.949997,22.243409
2008-12-03,63.179798,65.07708,76.18,22.318303
2008-12-04,61.718277,66.359398,75.5,22.542984
2008-12-05,63.621162,65.283875,74.519997,22.80511
2008-12-08,65.84243,65.142059,76.199997,22.310814
2008-12-09,64.757118,66.430275,76.330002,22.513025
2008-12-10,65.198471,66.270714,79.75,22.198473
2008-12-11,63.628387,66.400734,80.650002,22.018727
2008-12-12,64.3881,66.400734,80.809998,22.041195
2008-12-15,63.490917,67.157082,82.599998,21.906385
2008-12-16,66.479149,68.817535,84.459999,21.689195
2008-12-17,65.835197,70.684822,85.43,21.629279
2008-12-18,64.605202,72.168022,83.870003,21.771578
2008-12-19,64.327248,72.244827,82.629997,21.951322
2008-12-22,63.502998,71.689407,83.459999,21.85396
2008-12-23,62.846542,71.594795,82.629997,21.831494
2008-12-24,63.211235,71.441193,83.459999,21.756598
2008-12-26,63.575954,71.677589,85.599998,21.569367
2008-12-29,63.3936,71.591599,86.349998,21.689195
2008-12-30,64.89621,72.273422,85.900002,21.642017
2008-12-31,65.822556,70.761497,86.519997,21.307186
2009-01-02,67.806587,68.982872,86.230003,21.139773
2009-01-05,67.726349,67.20417,84.480003,21.154993
2009-01-06,68.178589,66.528305,85.129997,20.782116
2009-01-07,66.1362,66.789177,82.75,21.071285
2009-01-08,66.406105,66.735809,84.459999,21.231086
2009-01-09,64.983727,66.836617,83.919998,21.048456
2009-01-12,63.422756,67.530228,80.760002,21.444164
2009-01-13,63.539471,67.60144,80.879997,21.421331
2009-01-14,61.54089,68.716049,79.790001,21.459383
2009-01-15,61.562756,68.828682,80.389999,21.383286
2009-01-16,62.044205,67.767403,82.709999,21.253921
2009-01-20,58.769104,67.75563,84.519997,21.390894
2009-01-21,61.307491,65.61525,84.150002,21.291966
2009-01-22,60.359249,64.352394,84.580002,21.383286
2009-01-23,60.621838,63.848438,88.529999,21.345236
2009-01-26,61.037575,63.291088,88.949997,21.231086
2009-01-27,61.657578,64.779312,88.379997,21.466992
2009-01-28,63.743732,63.160702,87.419998,21.291966
2009-01-29,61.672173,61.708099,89.5,21.337625
2009-01-30,60.41758,61.512455,91.309998,21.322408
2009-02-02,60.235222,62.656921,88.839996,21.428942
2009-02-03,61.081333,61.164623,88.470001,21.428942
2009-02-04,60.782299,60.950653,89.18,21.375675
2009-02-05,61.686787,61.004131,90.120003,21.22348
2009-02-06,63.444664,60.813881,89.589996,21.04085
2009-02-09,63.532188,61.010075,88.32,20.987578
2009-02-10,60.621838,62.335899,90.209999,21.177823
2009-02-11,60.979244,63.14439,92.290001,21.28436
2009-02-12,61.02301,62.5499,93.169998,21.330016
2009-02-13,60.366516,60.885193,92.550003,21.307186
2009-02-17,57.784389,62.781742,95.449997,21.680063
2009-02-18,57.645802,62.246681,96.910004,21.695284
2009-02-19,57.02578,61.188393,95.769997,21.588744
2009-02-20,56.471424,61.782925,97.800003,21.672452
2009-02-23,54.450954,62.353729,97.730003,21.642017
2009-02-24,56.515221,62.288292,94.730003,21.390894
2009-02-25,56.070259,61.56897,93.150002,21.368062
2009-02-26,55.158512,60.92086,93.059998,21.291966
2009-02-27,53.925774,60.570114,92.629997,21.406112
2009-03-02,51.496834,61.572899,90.93,21.527868
2009-03-03,51.110229,61.161564,90.040001,21.436553
2009-03-04,52.32106,60.881313,88.989998,21.238699
2009-03-05,50.18388,62.574448,91.989998,21.352844
2009-03-06,50.271404,62.157139,92.290001,21.291966
2009-03-09,49.68058,61.793476,90.57,21.352844
2009-03-10,52.641998,60.607094,88.139999,21.215871
2009-03-11,52.984844,61.26289,89.220001,21.231086
2009-03-12,55.070957,61.554974,91.099998,21.094115
2009-03-13,55.501301,61.245014,91.300003,21.094115
2009-03-16,55.333549,60.279167,90.800003,20.911479
2009-03-17,57.02578,59.951298,90.040001,20.903872
2009-03-18,58.302292,62.222702,93.089996,20.66036
2009-03-19,57.580154,62.300232,94.349998,20.371192
2009-03-20,56.354057,61.95446,93.589996,20.470117
2009-03-23,60.401913,61.417854,92.080002,20.39402
2009-03-24,59.211777,62.002102,90.949997,20.462511
2009-03-25,59.836243,61.167503,91.980003,20.523389
2009-03-26,61.055717,61.87693,91.93,20.546217
2009-03-27,59.95377,62.335999,90.690002,20.667973
2009-03-30,57.88208,62.574448,89.980003,20.766901
2009-03-31,58.418369,63.021603,90.279999,20.515776
2009-04-01,59.549698,63.596752,91.029999,20.546217
2009-04-02,61.290791,62.819519,88.800003,20.325533
2009-04-03,61.900574,61.534042,87.589996,20.196166
2009-04-06,61.415703,61.271027,85.269997,20.196166
2009-04-07,59.983181,61.426445,86.739998,20.257044
2009-04-08,60.629646,61.970501,86.610001,20.234218
2009-04-09,63.039215,61.193237,86.309998,20.257044
2009-04-13,63.053944,61.755264,87.879997,20.371192
2009-04-14,61.966694,62.078144,87.370003,20.287486
2009-04-15,62.627838,61.970501,87.5,20.348359
2009-04-16,63.546158,61.480297,85.809998,20.22661
2009-04-17,63.972244,60.8046,85.220001,20.188562
2009-04-20,61.290791,61.725399,86.949997,20.24944
2009-04-21,62.48827,61.115517,86.889999,20.180947
2009-04-22,62.106255,60.744839,87.379997,20.142901
2009-04-23,62.716011,60.738884,88.800003,20.112462
2009-04-24,63.6637,60.129066,89.720001,20.142901
2009-04-27,63.061287,60.386135,89.010002,20.180947
2009-04-28,62.862946,59.399628,87.75,20.104854
2009-04-29,64.199944,58.873501,88.330002,20.104854
2009-04-30,64.222023,58.640327,87.269997,20.082021
2009-05-01,64.567299,58.236713,86.949997,20.043978
2009-05-04,66.76384,58.428558,88.639999,20.180947
2009-05-05,66.53611,58.356663,88.25,20.120071
2009-05-06,67.689514,58.218746,89.540001,20.218999
2009-05-07,66.749191,56.797421,89.440002,20.272266
2009-05-08,68.306602,56.935341,89.980003,20.35597
2009-05-11,67.028305,57.744965,89.690002,20.241831
2009-05-12,66.829964,57.95488,90.699997,20.279879
2009-05-13,65.147682,58.584538,91.089996,20.180947
2009-05-14,65.705994,58.812405,91.029999,20.257044
2009-05-15,65.169662,58.794453,91.550003,20.097243
2009-05-18,67.020988,57.882896,90.360001,20.272266
2009-05-19,66.940155,57.577045,90.959999,20.340755
2009-05-20,66.492065,58.182743,92.25,20.386411
2009-05-21,65.53701,56.719505,93.849998,20.447289
2009-05-22,65.397438,56.089794,94.150002,20.576654
2009-05-26,67.072403,55.244232,93.760002,20.63753
2009-05-27,65.874947,54.266708,93.449997,20.683191
2009-05-28,66.793259,55.052299,94.239998,20.759288
2009-05-29,67.975998,56.473602,96.199997,20.881044
2009-06-01,69.621613,54.804031,95.730003,21.200652
2009-06-02,69.680359,55.098804,96.360001,21.215871
2009-06-03,68.798775,55.616268,94.410004,20.850603
2009-06-04,69.445267,54.467075,96.230003,21.200652
2009-06-05,69.459991,54.051929,93.709999,21.078895
2009-06-08,69.173492,53.913582,93.559998,21.010411
2009-06-09,69.526123,53.907581,93.830002,21.185432
2009-06-10,69.349785,53.059254,93.860001,21.26153
2009-06-11,69.65834,53.648891,93.699997,21.436553
2009-06-12,69.849358,54.130215,92.169998,21.253921
2009-06-15,68.247826,54.617538,91.099998,20.941922
2009-06-16,67.322174,55.568108,91.93,20.881044
2009-06-17,67.25605,55.255268,92.349998,20.911479
2009-06-18,67.748299,54.418968,91.610001,20.919094
2009-06-19,67.997963,55.16502,91.900002,20.721238
2009-06-22,65.958916,55.700478,90.540001,20.363583
2009-06-23,66.010658,56.35627,90.919998,20.546217
2009-06-24,66.579498,55.790775,91.449997,20.538606
2009-06-25,68.027557,56.81353,92.309998,20.629921
2009-06-26,67.850243,56.909794,92.290001,20.584267
2009-06-29,68.48558,56.993988,92.040001,20.652752
2009-06-30,67.931465,56.897774,91.18,20.447289
2009-07-01,68.212227,56.784882,92.389999,20.49295
2009-07-02,66.350471,56.917709,91.25,20.234218
2009-07-06,66.343132,56.809032,90.760002,19.967878
2009-07-07,65.057602,57.189293,90.709999,19.724366
2009-07-08,65.01329,58.245567,89.269997,19.655877
2009-07-09,65.138885,57.551449,89.510002,19.731977
2009-07-10,64.983757,58.082596,89.580002,19.671101
2009-07-13,66.564743,57.756638,90.190002,19.648271
2009-07-14,66.941528,56.796951,90.809998,19.693929
2009-07-15,68.8993,55.336292,92.239998,19.975493
2009-07-16,68.78849,55.9338,91.980003,20.051586
2009-07-17,69.542038,55.070724,91.93,20.089634
2009-07-20,70.280838,55.360443,93.279999,20.24944
2009-07-21,70.605888,56.464993,93.129997,20.279879
2009-07-22,70.591148,55.957981,93.440002,20.386411
2009-07-23,72.149986,54.931866,93.260002,20.363583
2009-07-24,72.44548,55.197479,93.410004,20.49295
2009-07-27,72.659729,54.563751,93.709999,20.523389
2009-07-28,72.319862,55.046585,92.110001,20.416852
2009-07-29,72.14257,55.348347,91.199997,20.135291
2009-07-30,72.896149,56.133038,91.620003,20.295096
2009-07-31,72.999573,57.225498,93.349998,20.447289
2009-08-03,74.203781,56.35828,93.870003,20.614702
2009-08-04,74.395874,55.910099,94.68,20.690801
2009-08-05,74.181656,55.074352,94.779999,20.774508
2009-08-06,73.797462,55.262127,94.599998,20.759288
2009-08-07,74.765289,54.801861,93.75,20.683191
2009-08-10,74.610115,55.486198,92.93,20.744071
2009-08-11,73.679276,56.128124,92.790001,20.629921
2009-08-12,74.469765,55.528595,92.949997,20.690801
2009-08-13,75.038628,56.315826,93.720001,20.774508
2009-08-14,74.462364,56.533878,93.0,20.607093
2009-08-17,72.63018,57.369614,91.610001,20.523389
2009-08-18,73.206421,57.036556,92.059998,20.614702
2009-08-19,73.84919,57.508915,92.529999,20.759288
2009-08-20,74.610115,57.981319,92.269997,20.667973
2009-08-21,76.072945,56.788219,93.650002,20.766901
2009-08-24,76.065514,57.81781,92.339996,20.69841
2009-08-25,76.213303,58.144825,92.760002,20.591876
2009-08-26,76.220673,58.411285,92.790001,20.569045
2009-08-27,76.390625,58.181171,93.190002,20.645143
2009-08-28,76.375824,58.447647,93.870003,20.629921
2009-08-31,75.69619,58.502186,93.400002,20.485339
2009-09-01,74.026497,58.360569,93.900002,20.39402
2009-09-02,73.745766,59.211128,96.190002,20.485339
2009-09-03,74.358971,58.846588,97.459999,20.508167
2009-09-04,75.40062,57.844173,97.529999,20.485339
2009-09-08,76.050758,57.437126,97.43,20.71363
2009-09-09,76.634399,57.370285,97.080002,20.721238
2009-09-10,77.417496,58.427391,97.699997,20.827777
2009-09-11,77.402725,58.749443,98.779999,20.728849
2009-09-14,77.779541,58.166176,97.959999,20.706021
2009-09-15,78.104591,57.868492,98.900002,20.652752
2009-09-16,79.286636,57.971764,99.910004,20.881044
2009-09-17,79.168449,58.700798,99.339996,20.881044
2009-09-18,79.218918,58.178295,98.669998,20.820166
2009-09-21,79.018517,58.312019,98.360001,20.675582
2009-09-22,79.478722,58.433475,99.669998,20.881044
2009-09-23,78.818062,58.609688,98.830002,20.667973
2009-09-24,77.949585,58.779743,97.550003,20.462511
2009-09-25,77.533913,59.527069,97.0,20.515776
2009-09-28,78.922012,60.049561,97.050003,20.546217
2009-09-29,78.684471,59.994884,97.43,20.538606
2009-09-30,78.380104,59.940182,98.849998,20.789725
2009-10-01,76.435318,60.761093,97.889999,20.73646
2009-10-02,76.078949,60.340591,98.370003,20.744071
2009-10-05,77.214706,60.346741,99.82,20.873431
2009-10-06,78.32074,59.749443,102.279999,20.827777
2009-10-07,78.536041,60.450272,102.360001,20.804947
2009-10-08,79.137268,59.816467,103.639999,20.789725
2009-10-09,79.619759,58.445255,102.839996,20.62231
2009-10-12,79.931549,58.536625,103.559998,20.508167
2009-10-13,79.768242,58.841393,104.260002,20.523389
2009-10-14,81.141518,57.969841,104.18,20.538606
2009-10-15,81.438438,57.701725,102.860001,20.508167
2009-10-16,80.829704,58.170982,103.18,20.508167
2009-10-19,81.49781,58.628059,104.230003,20.515776
2009-10-20,81.067268,58.945007,103.419998,20.538606
2009-10-21,80.339813,58.591537,103.75,20.454898
2009-10-22,81.156342,58.305096,103.919998,20.401635
2009-10-23,80.22847,57.866318,103.489998,20.401635
2009-10-26,79.35997,57.116665,101.860001,20.386411
2009-10-27,78.996231,57.896767,101.849998,20.447289
2009-10-28,77.504234,58.170982,100.730003,20.424463
2009-10-29,79.166962,57.537159,102.690002,20.43207
2009-10-30,76.873222,58.372097,102.529999,20.500561
2009-11-02,77.437408,58.114124,103.949997,20.386411
2009-11-03,77.682381,57.533241,106.459999,20.629921
2009-11-04,77.882782,57.007423,107.099998,20.690801
2009-11-05,79.315453,57.007423,106.980003,20.599484
2009-11-06,79.523262,57.062492,107.43,20.447289
2009-11-09,81.334473,57.129757,108.190002,20.667973
2009-11-10,81.349304,57.025764,108.389999,20.63753
2009-11-11,81.765045,57.264244,109.599998,20.667973
2009-11-12,80.933655,57.160309,108.209999,20.477728
2009-11-13,81.371605,57.42318,109.739998,20.530998
2009-11-16,82.551865,58.095741,111.629997,20.850603
2009-11-17,82.648407,58.407578,111.970001,20.881044
2009-11-18,82.596413,58.065174,112.25,20.888655
2009-11-19,81.520081,58.169163,112.300003,20.782116
2009-11-20,81.23056,58.156864,112.940002,20.759288
2009-11-23,82.26239,58.083546,114.290001,20.820166
2009-11-24,82.388588,58.45034,114.730003,20.73646
2009-11-25,82.67807,58.719398,116.620003,21.048456
2009-11-27,81.334473,58.939438,115.059998,20.873431
2009-11-30,81.609161,59.080116,115.639999,20.987578
2009-12-01,82.618713,58.42197,117.379997,21.086504
2009-12-02,82.581566,58.471077,119.18,20.934309
2009-12-03,81.935738,57.863831,118.699997,20.865825
2009-12-04,82.403427,57.250446,113.75,20.599484
2009-12-07,82.277237,57.324028,113.110001,20.607093
2009-12-08,81.364174,57.409977,110.949997,20.49295
2009-12-09,81.668564,57.146202,110.839996,20.348359
2009-12-10,82.128777,56.489933,110.82,20.340755
2009-12-11,82.477661,56.48378,109.32,20.287486
2009-12-14,83.041794,56.55127,110.239998,20.3788
2009-12-15,82.6558,56.299797,110.209999,20.340755
2009-12-16,82.781998,56.232288,111.589996,20.439681
2009-12-17,81.787323,57.15847,107.339996,20.218999
2009-12-18,82.250015,56.913139,108.949997,20.234218
2009-12-21,83.085869,55.9011,106.949997,20.082021
2009-12-22,83.384392,55.588245,106.169998,20.021143
2009-12-23,83.548569,55.600563,106.550003,20.22661
2009-12-24,83.944115,55.024025,108.360001,20.264655
2009-12-28,84.123222,54.870686,108.550003,20.439681
2009-12-29,84.003815,55.232555,107.470001,20.401635
2009-12-30,83.973984,55.595779,106.93,20.424463
2009-12-31,83.167961,55.331074,107.309998,20.401635
2010-01-04,84.578461,55.281803,109.800003,20.645143
2010-01-05,84.802391,55.638851,109.699997,20.683191
2010-01-06,84.862076,54.894073,111.510002,20.766901
2010-01-07,85.220322,54.986378,110.82,20.69841
2010-01-08,85.503906,54.961781,111.370003,20.683191
2010-01-11,85.623322,54.660152,112.849998,20.584267
2010-01-12,84.824768,55.595779,110.489998,20.272266
2010-01-13,85.541206,54.949463,111.540001,20.340755
2010-01-14,85.772568,55.718891,112.029999,20.257044
2010-01-15,84.80983,56.063602,110.860001,20.150512
2010-01-19,85.869598,55.903557,111.519997,20.211388
2010-01-20,84.996384,56.46983,108.940002,20.059197
2010-01-21,83.362,56.728348,107.370003,19.94505
2010-01-22,81.5037,56.62986,107.169998,19.861342
2010-01-25,81.921654,56.371319,107.480003,19.906998
2010-01-26,81.578339,56.38987,107.559998,19.792857
2010-01-27,81.966415,56.359043,106.529999,19.62544
2010-01-28,81.026062,56.328243,106.480003,19.610223
2010-01-29,80.145424,56.820679,105.959999,19.526515
2010-02-01,81.391792,56.304897,108.349998,19.67871
2010-02-02,82.376877,56.46553,109.129997,19.823292
2010-02-03,81.966415,55.810741,108.699997,19.777633
2010-02-04,79.436455,56.694057,104.370003,19.998317
2010-02-05,79.600639,56.817566,104.68,20.028754
2010-02-08,79.025978,56.891743,104.040001,19.990708
2010-02-09,80.018555,56.323418,105.410004,19.884172
2010-02-10,79.861839,55.786018,105.120003,19.868952
2010-02-11,80.697708,55.483318,107.129997,19.808079
2010-02-12,80.630516,55.711906,107.040001,19.853733
2010-02-16,81.899277,55.816895,109.620003,19.655877
2010-02-17,82.287346,55.180649,109.25,19.716755
2010-02-18,82.772453,54.958271,109.980003,19.709149
2010-02-19,82.944061,55.254753,109.470001,19.663488
2010-02-22,82.958992,55.02623,109.07,19.648271
2010-02-23,81.9515,55.884808,107.889999,19.762414
2010-02-24,82.705246,56.020741,107.360001,19.724366
2010-02-25,82.593315,56.335812,108.309998,19.792857
2010-02-26,82.645599,56.626125,109.43,19.671101
2010-03-01,83.503815,56.601303,109.43,19.709149
2010-03-02,83.735199,56.526978,111.019997,19.663488
2010-03-03,83.809776,56.384476,111.629997,19.587395
2010-03-04,84.063545,56.681873,110.830002,19.62544
2010-03-05,85.265091,55.938271,110.809998,19.579782
2010-03-08,85.280067,55.647015,109.879997,19.56456
2010-03-09,85.421829,55.659439,109.720001,19.610223
2010-03-10,85.802429,55.516884,108.470001,19.556956
2010-03-11,86.160645,55.721382,108.599998,19.579782
2010-03-12,86.168098,56.068405,107.949997,19.549347
2010-03-15,86.190475,55.994034,108.360001,19.587395
2010-03-16,86.87709,56.440208,110.400002,19.579782
2010-03-17,87.392014,56.681873,109.589996,19.541736
2010-03-18,87.34726,56.495949,110.339996,19.587395
2010-03-19,86.905136,56.551743,108.279999,19.602612
2010-03-22,87.369743,56.613697,107.75,19.595001
2010-03-23,87.984215,56.34724,108.32,19.617834
2010-03-24,87.557068,55.318581,106.300003,19.541736
2010-03-25,87.414703,54.965401,106.779999,19.572173
2010-03-26,87.362251,55.1203,108.589996,19.56456
2010-03-29,87.916779,54.909599,108.75,19.587395
2010-03-30,87.976761,55.083134,107.970001,19.579782
2010-03-31,87.67701,55.461109,108.949997,19.579782
2010-04-01,88.276489,55.325527,110.260002,19.556956
2010-04-05,88.995895,54.404968,110.889999,19.64066
2010-04-06,89.205711,54.4921,111.029999,19.655877
2010-04-07,88.696136,55.188713,112.489998,19.579782
2010-04-08,89.003387,55.213554,112.650002,19.610223
2010-04-09,89.587921,55.344212,113.639999,19.572173
2010-04-12,89.730278,55.63652,113.010002,19.480856
2010-04-13,89.797745,55.816879,112.690002,19.450419
2010-04-14,90.816895,55.425041,113.029999,19.427587
2010-04-15,90.891838,55.487251,113.650002,19.419976
2010-04-16,89.445511,55.891556,111.239998,19.313444
2010-04-19,89.782722,55.754688,111.150002,19.404759
2010-04-20,90.584564,55.953739,111.459999,19.39715
2010-04-21,90.419731,56.413979,112.309998,19.389541
2010-04-22,90.689468,56.246056,111.839996,19.404759
2010-04-23,91.281464,56.047035,113.190002,19.450419
2010-04-26,90.936775,56.109276,112.75,19.465637
2010-04-27,88.786095,56.899174,114.629997,19.435202
2010-04-28,89.460487,56.413979,114.309998,19.488467
2010-04-29,90.56958,56.650391,114.279999,19.419976
2010-04-30,89.03334,57.303413,115.360001,19.366713
2010-05-03,90.187401,57.228504,115.730003,19.465637
2010-05-04,88.066666,58.258423,114.870003,19.412367
2010-05-05,87.542099,58.601669,115.089996,19.381928
2010-05-06,84.634529,60.411709,118.489998,19.267783
2010-05-07,83.375565,59.65649,118.269997,19.237344
2010-05-10,87.047508,58.420666,117.57,19.328661
2010-05-11,86.80024,58.27084,120.660004,19.351494
2010-05-12,88.014198,57.827728,121.400002,19.404759
2010-05-13,86.920113,58.208435,120.559998,19.39715
2010-05-14,85.346428,59.219559,120.370003,19.389541
2010-05-17,85.391403,59.001137,119.360001,19.351494
2010-05-18,84.229858,59.906147,119.489998,19.343883
2010-05-19,83.750275,60.105888,116.629997,19.199296
2010-05-20,80.587891,61.372894,115.839996,19.016667
2010-05-21,81.764389,61.435333,115.220001,18.955786
2010-05-24,80.715286,61.223125,116.839996,19.001445
2010-05-25,80.797707,61.522709,117.360001,19.016667
2010-05-26,80.310631,61.347965,118.470001,19.092766
2010-05-27,83.000877,59.956097,118.690002,19.153638
2010-05-28,81.959267,60.230698,118.879997,19.244957
2010-06-01,80.580391,60.654072,119.910004,19.214516
2010-06-02,82.678658,60.077953,119.779999,19.343883
2010-06-03,82.963432,59.639507,117.959999,19.412367
2010-06-04,80.04834,61.242794,119.190002,19.427587
2010-06-07,79.051659,61.712475,121.489998,19.572173
2010-06-08,79.898476,61.405567,121.0,19.526515
2010-06-09,79.471306,61.336716,120.559998,19.488467
2010-06-10,81.79438,60.240734,118.970001,19.321052
2010-06-11,82.191589,61.004765,120.010002,19.290613
2010-06-14,82.064171,60.691654,119.599998,19.146027
2010-06-15,83.930115,60.441147,120.989998,19.054714
2010-06-16,83.900146,60.785587,120.330002,19.054714
2010-06-17,84.035034,61.280373,121.900002,19.107981
2010-06-18,84.126122,61.180119,122.830002,19.11559
2010-06-21,83.885185,61.004765,120.389999,19.054714
2010-06-22,82.499794,61.731266,121.449997,19.11559
2010-06-23,82.243774,62.150841,120.949997,19.161249
2010-06-24,80.880974,61.781326,121.300003,19.138418
2010-06-25,81.219788,62.031864,122.760002,19.107981
2010-06-28,80.963776,62.614304,121.089996,19.161249
2010-06-29,78.463989,63.29694,121.269997,19.39715
2010-06-30,77.718605,63.722813,121.68,19.305835
2010-07-01,77.372246,63.823311,117.040001,19.123199
2010-07-02,76.950607,63.314476,118.489998,19.100373
2010-07-06,77.455063,63.835896,116.510002,19.069934
2010-07-07,79.894562,63.088268,117.730003,18.925347
2010-07-08,80.685196,62.686283,117.209999,18.8112
2010-07-09,81.287529,62.328239,118.360001,18.803591
2010-07-12,81.340225,62.303082,117.339996,18.84925
2010-07-13,82.567543,61.769123,118.360001,18.803591
2010-07-14,82.560013,62.391048,118.300003,18.765546
2010-07-15,82.582642,63.012917,118.230003,18.689442
2010-07-16,80.308716,63.320789,116.669998,18.742713
2010-07-19,80.783081,62.931263,115.730003,18.742713
2010-07-20,81.679054,63.025555,116.650002,18.727496
2010-07-21,80.617439,64.093407,115.849998,18.719885
2010-07-22,82.416954,63.352184,116.860001,18.643792
2010-07-23,83.132286,62.680038,116.089996,18.598131
2010-07-26,83.998123,62.57325,115.519997,18.620957
2010-07-27,83.990593,61.970127,113.510002,18.552473
2010-07-28,83.448479,62.17115,113.779999,18.499203
2010-07-29,83.04187,62.152294,114.290001,18.468764
2010-07-30,83.026825,63.11974,115.489998,18.430715
2010-08-02,84.901665,62.233646,115.540001,18.32418
2010-08-03,84.495056,62.592854,115.989998,18.369839
2010-08-04,85.059799,62.113865,116.720001,18.248081
2010-08-05,84.969421,62.403809,116.980003,18.32418
2010-08-06,84.623077,63.084446,117.839996,18.32418
2010-08-09,85.074837,62.851265,117.400002,18.278526
2010-08-10,84.615562,62.983601,117.730003,18.248081
2010-08-11,82.296486,63.828098,117.339996,18.141548
2010-08-12,81.792007,63.670555,118.769997,18.171985
2010-08-13,81.551094,64.464584,118.739998,18.164377
2010-08-16,81.513435,66.077957,119.730003,18.202426
2010-08-17,82.514816,65.699837,119.75,18.232863
2010-08-18,82.665421,65.876305,120.220001,18.240474
2010-08-19,81.227303,66.903542,120.389999,18.240474
2010-08-20,80.963776,66.827919,119.970001,18.202426
2010-08-23,80.655083,66.84053,119.779999,18.225255
2010-08-24,79.457901,67.911858,120.360001,18.164377
2010-08-25,79.766609,67.69133,121.360001,18.073057
2010-08-26,79.232033,68.327866,120.959999,18.194813
2010-08-27,80.45932,66.393059,121.010002,18.194813
2010-08-30,79.292221,67.666092,120.910004,18.248081
2010-08-31,79.292221,68.416046,122.080002,18.210035
2010-09-01,81.663994,67.001434,121.690002,18.293741
2010-09-02,82.424484,66.29351,122.290001,18.316572
2010-09-03,83.493637,65.471794,121.860001,18.407886
2010-09-07,82.552483,66.81179,122.699997,18.506812
2010-09-08,83.132286,66.280823,122.709999,18.476377
2010-09-09,83.516243,64.972443,121.559998,18.468764
2010-09-10,83.937889,64.675339,121.730003,18.430715
2010-09-13,84.871521,64.991379,121.620003,18.499203
2010-09-14,84.81881,65.61718,124.019997,18.59052
2010-09-15,85.142609,64.643745,123.940002,18.445934
2010-09-16,85.12001,64.005356,124.629997,18.453547
2010-09-17,85.151817,64.264526,124.540001,18.567692
2010-09-20,86.453789,64.637466,124.870003,18.560079
2010-09-21,86.279671,65.534996,126.010002,18.552473
2010-09-22,85.855774,66.122841,126.199997,18.582914
2010-09-23,85.159363,66.312485,126.300003,18.582914
2010-09-24,86.915573,65.421219,126.690002,18.674227
2010-09-27,86.499252,66.558968,126.720001,18.704668
2010-09-28,86.801994,67.014069,127.849998,18.681833
2010-09-29,86.650589,66.735985,127.949997,18.628568
2010-09-30,86.39325,66.691673,127.910004,18.613351
2010-10-01,86.756599,66.369392,128.910004,18.445934
2010-10-04,86.105591,66.540703,128.460007,18.430715
2010-10-05,87.839073,66.141014,130.990005,18.567692
2010-10-06,87.831497,66.972176,131.809998,18.575303
2010-10-07,87.725517,66.413841,130.369995,18.575303
2010-10-08,88.217537,66.121964,131.660004,18.894908
2010-10-11,88.300812,66.134613,132.289993,18.925347
2010-10-12,88.573318,65.481186,131.960007,19.016667
2010-10-13,89.262169,65.379715,134.070007,19.024273
2010-10-14,88.913986,64.402596,134.75,19.069934
2010-10-15,89.095634,63.615952,133.679993,19.001445
2010-10-18,89.534653,64.129799,134.279999,19.039495
2010-10-19,88.361343,64.516876,130.110001,18.826424
2010-10-20,89.224319,64.656433,131.320007,19.069934
2010-10-21,89.42112,63.888683,129.470001,18.955786
2010-10-22,89.587662,64.320152,129.729996,18.963393
2010-10-25,89.852615,64.50415,130.850006,19.069934
2010-10-26,89.867767,63.50806,130.880005,19.031886
2010-10-27,89.610382,62.949764,129.520004,18.940567
2010-10-28,89.625488,63.121021,131.240005,19.062323
2010-10-29,89.693634,63.711075,132.619995,19.123199
2010-11-01,89.72393,63.436764,131.919998,19.092766
2010-11-02,90.435486,64.270554,132.490005,19.184079
2010-11-03,90.798828,62.959457,131.570007,19.184079
2010-11-04,92.547417,63.44949,136.029999,19.442806
2010-11-05,92.89563,62.361118,136.380005,19.442806
2010-11-08,92.72155,62.641171,137.779999,19.442806
2010-11-09,92.055374,61.260021,135.589996,19.427587
2010-11-10,92.426308,61.342812,137.240005,19.435202
2010-11-11,92.078094,61.310989,137.660004,19.359102
2010-11-12,90.988037,60.98,133.690002,19.039495
2010-11-15,90.859375,59.707119,132.419998,19.031886
2010-11-16,89.443848,61.190052,130.970001,18.712272
2010-11-17,89.489258,60.852726,130.380005,18.666618
2010-11-18,90.806412,61.100922,132.089996,18.872076
2010-11-19,91.056183,61.47644,132.199997,18.765546
2010-11-22,90.980461,61.737419,133.479996,18.742713
2010-11-23,89.663383,62.042904,134.410004,18.681833
2010-11-24,90.988037,60.935471,134.179993,18.8112
2010-11-26,89.928299,61.78194,133.110001,18.712272
2010-11-29,90.200798,62.31023,133.509995,18.757937
2010-11-30,89.693634,62.634838,135.419998,18.697057
2010-12-01,91.601189,61.242489,135.380005,18.978617
2010-12-02,92.774483,61.082836,135.199997,19.047101
2010-12-03,93.024315,60.603848,138.070007,19.138418
2010-12-06,92.92588,61.45969,139.110001,19.11559
2010-12-07,92.978897,60.143993,136.5,19.107981
2010-12-08,93.31955,59.562767,134.789993,19.184079
2010-12-09,93.682877,59.856564,135.369995,19.161249
2010-12-10,94.227921,59.4925,135.410004,19.168857
2010-12-13,94.288445,59.716099,136.050003,19.244957
2010-12-14,94.371735,58.84745,136.179993,19.260174
2010-12-15,93.940224,58.081078,134.699997,19.283007
2010-12-16,94.485298,58.483467,133.809998,19.214516
2010-12-17,94.586487,59.549992,134.199997,19.290613
2010-12-20,94.814766,59.486156,135.110001,19.389541
2010-12-21,95.415939,59.901302,135.320007,19.450419
2010-12-22,95.712677,59.473335,135.050003,19.526515
2010-12-23,95.575714,59.352039,134.660004,19.541736
2010-12-27,95.613785,59.882164,135.020004,19.518906
2010-12-28,95.75074,58.709347,137.220001,19.64066
2010-12-29,95.819229,59.702682,137.710007,19.556956
2010-12-30,95.667038,59.657818,137.029999,19.488467
2010-12-31,95.68985,60.317902,138.720001,19.617834
2011-01-03,96.6791,59.862888,138.0,19.602612
2011-01-04,96.625824,59.933384,134.75,19.435202
2011-01-05,97.128075,58.613232,134.369995,19.518906
2011-01-06,96.937843,58.869606,133.830002,19.412367
2011-01-07,96.747597,59.183571,133.580002,19.366713
2011-01-10,96.625824,59.50407,134.119995,19.435202
2011-01-11,96.968269,59.170731,134.910004,19.511297
2011-01-12,97.843353,58.709347,135.460007,19.617834
2011-01-13,97.683548,59.234859,134.050003,19.503684
2011-01-14,98.391266,58.856758,132.690002,19.534128
2011-01-18,98.558647,58.581177,133.429993,19.556956
2011-01-19,97.592262,59.00415,133.720001,19.549347
2011-01-20,97.462883,58.190289,131.199997,19.488467
2011-01-21,97.683548,58.651691,131.029999,19.526515
2011-01-24,98.239067,58.677307,130.360001,19.465637
2011-01-25,98.292336,59.234859,130.100006,19.328661
2011-01-26,98.672798,58.337669,131.160004,19.511297
2011-01-27,98.916321,58.600441,127.93,19.404759
2011-01-28,97.188934,58.908024,130.279999,19.511297
2011-01-31,97.919464,58.459419,129.869995,19.686323
2011-02-01,99.487022,58.170021,130.800003,19.792857
2011-02-02,99.296791,58.182873,130.449997,19.853733
2011-02-03,99.517456,57.700539,132.199997,19.777633
2011-02-04,99.799019,57.115303,131.660004,19.716755
2011-02-07,100.423004,57.411106,131.679993,19.663488
2011-02-08,100.879578,56.88377,133.139999,19.731977
2011-02-09,100.651291,57.379021,133.070007,19.808079
2011-02-10,100.689354,56.716553,132.850006,19.739586
2011-02-11,101.290459,57.533337,132.320007,19.663488
2011-02-14,101.534012,57.571907,132.949997,19.686323
2011-02-15,101.214394,57.829128,133.970001,19.572173
2011-02-16,101.853607,57.642643,134.100006,19.62544
2011-02-17,102.157967,57.732742,135.039993,19.724366
2011-02-18,102.37104,57.552635,135.410004,19.724366
2011-02-22,100.316467,58.414387,136.289993,19.617834
2011-02-23,99.700081,58.626614,137.509995,19.785248
2011-02-24,99.631615,58.999599,136.479996,19.693929
2011-02-25,100.696938,59.346951,137.380005,19.906998
2011-02-28,101.320908,59.42408,137.660004,19.937441
2011-03-01,99.631615,59.596363,140.029999,20.013535
2011-03-02,99.844673,58.68018,139.919998,20.097243
2011-03-03,101.564415,58.105938,138.089996,20.150512
2011-03-04,100.803497,58.589851,139.350006,20.188562
2011-03-07,100.012054,58.215649,139.720001,20.142901
2011-03-08,100.887207,57.860786,139.360001,20.059197
2011-03-09,100.742577,58.422112,139.410004,20.021143
2011-03-10,98.87825,59.402824,137.770004,19.808079
2011-03-11,99.56311,59.067295,138.220001,19.808079
2011-03-14,98.961975,59.0415,138.860001,19.823292
2011-03-15,97.828133,59.925404,136.270004,19.49608
2011-03-16,96.01709,60.602898,136.240005,19.473247
2011-03-17,97.287888,60.138309,136.970001,19.830905
2011-03-18,97.641716,60.299606,138.369995,19.891781
2011-03-21,99.154915,59.944748,139.139999,19.967878
2011-03-22,98.811035,60.144802,139.050003,20.043978
2011-03-23,99.093819,60.067318,140.339996,20.043978
2011-03-24,100.041481,59.615715,139.220001,20.089634
2011-03-25,100.347191,59.467319,139.259995,20.104854
2011-03-28,100.102646,59.55122,138.539993,19.975493
2011-03-29,100.775154,59.09309,138.210007,19.960267
2011-03-30,101.470642,59.564121,138.669998,19.960267
2011-03-31,101.333107,59.441509,139.860001,20.089634
2011-04-01,101.76107,59.730457,139.199997,20.097243
2011-04-04,101.845139,59.795277,139.839996,20.059197
2011-04-05,101.82988,59.555531,142.050003,20.135291
2011-04-06,102.150848,58.661453,142.380005,20.22661
2011-04-07,101.891022,58.544796,142.509995,20.241831
2011-04-08,101.539452,58.233829,143.660004,20.363583
2011-04-11,101.233742,58.285656,142.639999,20.264655
2011-04-12,100.477165,58.914135,141.610001,20.150512
2011-04-13,100.469482,59.283401,141.899994,20.188562
2011-04-14,100.545883,59.238094,143.809998,20.272266
2011-04-15,100.912727,60.041485,145.050003,20.241831
2011-04-18,99.781662,60.177532,145.929993,20.104854
2011-04-19,100.35482,60.436722,145.929993,20.142901
2011-04-20,101.722855,60.047981,146.5,20.295096
2011-04-21,102.242523,59.996063,146.740005,20.317922
2011-04-25,102.135551,60.222881,146.869995,20.241831
2011-04-26,103.014442,60.806011,146.380005,20.22661
2011-04-27,103.687012,60.184006,149.199997,20.340755
2011-04-28,104.023285,60.643993,149.820007,20.333142
2011-04-29,104.267815,60.831921,152.369995,20.348359
2011-05-02,104.107361,60.929504,150.410004,20.279879
2011-05-03,103.732872,61.274384,149.880005,20.188562
2011-05-04,103.045052,61.547703,147.729996,20.104854
2011-05-05,102.112617,62.133293,143.470001,19.671101
2011-05-06,102.563553,61.860001,145.300003,19.610223
2011-05-09,102.960938,61.79491,147.380005,19.823292
2011-05-10,103.839867,61.35239,147.899994,19.830905
2011-05-11,102.746994,61.703835,146.539993,19.579782
2011-05-12,103.236099,61.313419,146.589996,19.534128
2011-05-13,102.441284,61.866501,145.630005,19.511297
2011-05-16,101.791634,62.211338,145.369995,19.488467
2011-05-17,101.776329,62.849003,144.740005,19.503684
2011-05-18,102.685837,62.016117,145.600006,19.602612
2011-05-19,102.930374,61.99012,145.649994,19.633051
2011-05-20,102.112617,62.022659,147.490005,19.62544
2011-05-23,100.92804,62.321968,147.830002,19.633051
2011-05-24,100.843971,62.556263,148.589996,19.648271
2011-05-25,101.180229,62.263435,148.580002,19.648271
2011-05-26,101.646446,62.796978,148.220001,19.724366
2011-05-27,102.036209,62.770981,149.699997,19.792857
2011-05-31,103.098518,62.914108,149.639999,19.770027
2011-06-01,100.782822,63.764359,149.910004,19.830905
2011-06-02,100.675827,62.549648,149.5,19.876563
2011-06-03,99.674652,62.908852,150.220001,19.914611
2011-06-06,98.619965,62.43214,150.479996,19.861342
2011-06-07,98.558853,62.719498,150.419998,19.906998
2011-06-08,98.146103,63.209255,149.809998,19.92222
2011-06-09,98.895088,62.954613,150.559998,19.876563
2011-06-10,97.519417,63.437813,149.240005,19.830905
2011-06-13,97.595856,63.117832,147.770004,19.823292
2011-06-14,98.833969,62.164379,148.669998,19.67871
2011-06-15,97.076187,63.294197,149.119995,19.610223
2011-06-16,97.290169,63.581512,148.970001,19.56456
2011-06-17,97.580482,63.281101,149.940002,19.602612
2011-06-20,98.079704,63.359505,150.029999,19.572173
2011-06-21,99.423782,63.078625,150.759995,19.617834
2011-06-22,98.82473,63.117832,150.990005,19.549347
2011-06-23,98.540527,63.601097,148.339996,19.488467
2011-06-24,97.396164,63.333366,146.259995,19.427587
2011-06-27,98.26403,62.464825,145.729996,19.427587
2011-06-28,99.5467,61.96196,146.240005,19.427587
2011-06-29,100.3992,61.550484,147.179993,19.366713
2011-06-30,101.359283,61.452549,146.0,19.404759
2011-07-01,102.856964,61.354298,144.929993,19.366713
2011-07-05,102.772476,61.491863,147.630005,19.260174
2011-07-06,102.895332,61.806431,148.910004,19.267783
2011-07-07,103.962921,61.622944,149.149994,19.176468
2011-07-08,103.225632,62.494484,150.25,19.176468
2011-07-11,101.359283,63.431526,151.589996,19.199296
2011-07-12,100.921478,63.647705,152.770004,19.176468
2011-07-13,101.259445,63.824657,154.139999,19.077545
2011-07-14,100.560509,62.913853,154.539993,19.062323
2011-07-15,101.144234,63.018669,155.199997,19.062323
2011-07-18,100.314751,62.409206,156.570007,19.069934
2011-07-19,101.942978,63.706764,154.660004,19.077545
2011-07-20,101.881531,62.953152,156.020004,19.107981
2011-07-21,103.294777,62.468243,154.830002,19.19169
2011-07-22,103.363861,62.940067,156.119995,19.168857
2011-07-25,102.787842,62.25198,157.339996,19.214516
2011-07-26,102.403854,62.677921,157.770004,19.19169
2011-07-27,100.30706,62.684456,157.190002,19.161249
2011-07-28,100.015198,62.920372,157.320007,19.184079
2011-07-29,99.331612,64.165466,158.289993,19.343883
2011-08-01,98.909195,64.813049,157.720001,19.275394
2011-08-02,96.382301,66.759094,161.520004,19.283007
2011-08-03,96.904587,66.890617,161.490005,19.290613
2011-08-04,92.36544,69.27063,160.639999,19.290613
2011-08-05,92.22718,67.271935,161.75,19.222129
2011-08-08,86.221054,69.395569,167.119995,19.39715
2011-08-09,90.230278,69.605972,168.610001,19.480856
2011-08-10,86.244102,71.676979,174.580002,19.56456
2011-08-11,90.115067,68.060944,170.75,19.381928
2011-08-12,90.721809,69.408714,169.970001,19.366713
2011-08-15,92.641945,68.705238,171.800003,19.283007
2011-08-16,91.850822,69.842674,173.919998,19.313444
2011-08-17,91.912292,71.065536,174.419998,19.343883
2011-08-18,87.949165,72.52507,177.720001,19.450419
2011-08-19,86.512878,73.110229,179.949997,19.450419
2011-08-22,86.582031,72.92617,184.589996,19.435202
2011-08-23,89.431488,71.92025,177.669998,19.29822
2011-08-24,90.691101,69.875488,171.649994,19.199296
2011-08-25,89.308594,70.63163,172.360001,19.214516
2011-08-26,90.606621,71.328484,177.470001,19.168857
2011-08-29,93.210289,70.342339,173.889999,19.092766
2011-08-30,93.456078,71.473175,179.100006,19.176468
2011-08-31,93.870789,70.368553,177.720001,19.153638
2011-09-01,92.887718,71.860313,177.869995,19.107981
2011-09-02,90.51442,74.194794,183.240005,19.206905
2011-09-06,89.853905,74.966324,182.899994,19.047101
2011-09-07,92.388504,73.535286,177.080002,18.986223
2011-09-08,91.428421,74.194794,181.809998,18.917741
2011-09-09,89.032112,74.986076,180.699997,18.894908
2011-09-12,89.608131,75.065239,176.669998,18.84925
2011-09-13,90.429977,73.996971,178.539993,18.788374
2011-09-14,91.681862,74.623398,177.210007,18.795985
2011-09-15,93.264053,73.482559,174.399994,18.674227
2011-09-16,93.816032,74.016685,176.029999,18.674227
2011-09-19,92.88192,75.427933,173.309998,18.742713
2011-09-20,92.773788,75.744438,175.779999,18.773152
2011-09-21,90.04084,78.250412,173.589996,18.742713
2011-09-22,87.130333,81.191513,169.050003,18.750322
2011-09-23,87.655312,79.681374,159.800003,18.605742
2011-09-26,89.739754,78.402054,157.580002,18.537253
2011-09-27,90.743431,77.201866,160.630005,18.453547
2011-09-28,88.890556,77.175461,156.220001,18.605742
2011-09-29,89.593102,77.709625,157.699997,18.514423
2011-09-30,87.354233,79.661583,158.059998,18.757937
2011-10-03,84.868324,81.853859,160.960007,18.872076
2011-10-04,86.728912,80.815903,157.639999,18.8112
2011-10-05,88.334694,80.234138,159.460007,18.780765
2011-10-06,89.932747,78.753174,160.490005,18.719885
2011-10-07,89.330597,78.171402,159.179993,18.727496
2011-10-10,92.318329,77.067314,163.270004,18.506812
2011-10-11,92.410995,76.809479,162.100006,18.407886
2011-10-12,93.221573,75.692215,163.259995,18.293741
2011-10-13,93.036324,76.445862,162.300003,18.347011
2011-10-14,94.626701,75.335197,163.399994,18.202426
2011-10-17,92.820137,76.637611,162.619995,18.36223
2011-10-18,94.634399,76.161613,161.839996,18.347011
2011-10-19,93.514961,76.135185,159.869995,18.461158
2011-10-20,93.92411,75.593025,157.770004,18.476377
2011-10-21,95.707512,74.793091,159.520004,18.36223
2011-10-24,96.880981,74.918655,161.020004,18.210035
2011-10-25,94.997238,76.822777,165.589996,18.240474
2011-10-26,95.962257,75.480644,167.399994,18.202426
2011-10-27,99.305107,72.922096,169.550003,17.867599
2011-10-28,99.281982,73.688972,169.619995,17.905649
2011-10-31,96.888695,76.611122,167.339996,18.065449
2011-11-01,94.1866,79.175644,167.380005,18.217644
2011-11-02,95.722954,78.18808,169.059998,18.194813
2011-11-03,97.467705,77.114273,171.720001,18.09589
2011-11-04,96.87326,77.207069,170.850006,18.126329
2011-11-07,97.475426,77.69754,174.979996,18.126329
2011-11-08,98.726105,76.703308,173.529999,18.111109
2011-11-09,95.082138,78.29409,172.070007,18.141548
2011-11-10,95.977707,77.12751,171.139999,18.187205
2011-11-11,97.784218,76.656929,173.960007,18.225255
2011-11-14,96.857803,77.889778,173.199997,18.217644
2011-11-15,97.336472,77.783707,173.360001,18.149161
2011-11-16,95.792419,78.492935,171.509995,18.156768
2011-11-17,94.27153,79.122658,167.100006,18.270913
2011-11-18,94.171196,79.10276,167.619995,18.255689
2011-11-21,92.380089,79.57338,163.5,18.301354
2011-11-22,92.017235,80.461571,165.309998,18.347011
2011-11-23,89.986839,81.250328,164.830002,18.377447
2011-11-25,89.816971,80.070511,163.399994,18.339404
2011-11-28,92.418694,80.030739,166.630005,18.308961
2011-11-29,92.681152,79.374489,166.880005,18.255689
2011-11-30,96.494957,78.135002,170.130005,18.194813
2011-12-01,96.479515,77.742966,169.630005,18.217644
2011-12-02,96.39463,78.832695,169.820007,18.263302
2011-12-05,97.444565,78.673218,167.320007,18.240474
2011-12-06,97.475426,77.922409,168.179993,18.225255
2011-12-07,97.838287,78.201492,169.399994,18.232863
2011-12-08,95.692047,79.178253,165.979996,18.225255
2011-12-09,97.313316,77.55027,166.399994,18.225255
2011-12-12,95.892792,78.414116,161.990005,18.308961
2011-12-13,94.997238,79.145035,158.449997,18.423106
2011-12-14,93.985901,80.64003,152.889999,18.453547
2011-12-15,94.325592,80.341019,152.330002,18.40028
2011-12-16,94.465439,81.277901,155.229996,18.331791
2011-12-19,93.455444,82.30793,154.869995,18.339404
2011-12-20,96.283417,80.254684,156.979996,18.308961
2011-12-21,96.469864,79.138405,157.160004,18.316572
2011-12-22,97.324478,79.470612,156.039993,18.331791
2011-12-23,98.194633,78.586868,156.309998,18.316572
2011-12-27,98.272324,78.960136,154.910004,18.278526
2011-12-28,96.982658,80.420021,151.029999,18.32418
2011-12-29,97.98484,80.566734,150.339996,18.32418
2011-12-30,97.503166,80.826668,151.990005,18.217644
2012-01-03,99.057022,79.613441,155.919998,18.171985
2012-01-04,99.212387,78.666893,156.710007,18.255689
2012-01-05,99.476562,78.526848,157.779999,18.331791
2012-01-06,99.220154,79.146835,157.199997,18.385058
2012-01-09,99.460999,79.006805,156.5,18.286133
2012-01-10,100.323402,78.873512,158.639999,18.187205
2012-01-11,100.377739,79.900116,159.669998,18.232863
2012-01-12,100.618614,79.786743,160.380005,18.270913
2012-01-13,100.098083,80.580048,159.259995,18.385058
2012-01-17,100.486542,80.953339,160.5,18.286133
2012-01-18,101.597527,79.973427,161.600006,18.232863
2012-01-19,102.133598,78.873512,161.220001,18.111109
2012-01-20,102.514305,77.980232,162.070007,18.080668
2012-01-23,102.250114,77.486954,163.160004,17.966525
2012-01-24,102.133598,77.626968,162.009995,17.966525
2012-01-25,102.988205,77.440277,166.419998,17.890425
2012-01-26,102.459938,78.466843,167.270004,17.867599
2012-01-27,102.413315,78.713524,168.970001,17.806719
2012-01-30,102.06369,79.640121,168.029999,17.936084
2012-01-31,102.024841,80.560036,169.309998,17.913258
2012-02-01,102.91832,79.637199,169.559998,17.83716
2012-02-02,103.081413,79.603813,171.050003,17.852378
2012-02-03,104.526505,77.893204,167.639999,17.791502
2012-02-06,104.456612,78.66832,167.179993,17.799108
2012-02-07,104.720726,77.692726,169.699997,17.753452
2012-02-08,105.031479,77.752907,168.5,17.761061
2012-02-09,105.163582,77.17157,168.020004,17.783893
2012-02-10,104.386696,78.173859,167.139999,17.806719
2012-02-13,105.163582,78.274094,167.509995,17.768669
2012-02-14,105.031479,78.68837,167.119995,17.761061
2012-02-15,104.542015,78.548073,168.110001,17.77628
2012-02-16,105.699646,77.919884,168.0,17.723015
2012-02-17,105.979347,77.899902,167.350006,17.631696
2012-02-21,106.025948,77.037903,171.020004,17.646917
2012-02-22,105.68412,78.006798,172.940002,17.624088
2012-02-23,106.150276,78.006798,173.020004,17.646917
2012-02-24,106.383369,78.514641,172.229996,17.60887
2012-02-27,106.562019,79.209534,171.699997,17.60887
2012-02-28,106.872818,78.948997,173.490005,17.60126
2012-02-29,106.453262,78.467873,164.289993,17.53277
2012-03-01,107.004875,77.729164,166.610001,17.57843
2012-03-02,106.678581,78.459145,166.339996,17.547991
2012-03-05,106.243477,77.836357,165.649994,17.509942
2012-03-06,104.689667,78.780647,162.699997,17.395799
2012-03-07,105.419968,78.298401,163.630005,17.418627
2012-03-08,106.468788,77.514877,165.279999,17.479502
2012-03-09,106.880585,77.668892,166.380005,17.509942
2012-03-12,106.888344,77.65554,165.070007,17.494723
2012-03-13,108.815125,76.289238,162.300003,17.509942
2012-03-14,108.698547,74.367104,159.570007,17.441455
2012-03-15,109.327888,74.480904,161.080002,17.494723
2012-03-16,109.47924,74.628319,161.300003,17.586041
2012-03-19,109.908386,73.737564,161.589996,17.57843
2012-03-20,109.588486,74.032227,160.130005,17.47189
2012-03-21,109.409004,74.869362,160.210007,17.479502
2012-03-22,108.620926,75.110497,159.570007,17.388185
2012-03-23,108.972054,75.820404,161.529999,17.487111
2012-03-26,110.50148,75.432022,164.399994,17.555601
2012-03-27,110.158081,75.974449,163.240005,17.487111
2012-03-28,109.611855,75.867249,161.509995,17.426237
2012-03-29,109.424637,76.4366,161.279999,17.327307
2012-03-30,109.877235,75.14402,162.119995,17.449063
2012-04-02,110.680916,75.560295,162.940002,17.517551
2012-04-03,110.22834,74.250916,159.889999,17.502332
2012-04-04,109.135902,75.271584,157.210007,17.403408
2012-04-05,109.081261,75.815414,158.309998,17.34253
2012-04-09,107.856178,77.58815,159.369995,17.266431
2012-04-10,106.045815,78.467735,161.100006,17.235991
2012-04-11,106.904221,77.527687,161.070007,17.243603
2012-04-12,108.300941,77.205429,162.699997,17.182728
2012-04-13,107.013428,78.454323,160.850006,17.228382
2012-04-16,106.943184,78.340179,160.460007,17.235991
2012-04-17,108.527237,78.293182,160.25,17.258822
2012-04-18,108.160477,78.521492,159.309998,17.319698
2012-04-19,107.465988,78.595322,159.429993,17.266431
2012-04-20,107.645485,78.608803,159.539993,17.251213
2012-04-23,106.740318,79.179497,159.070007,17.243603
2012-04-24,107.146072,78.622223,159.300003,17.251213
2012-04-25,108.613106,78.219299,159.619995,17.27404
2012-04-26,109.370026,78.689301,161.029999,17.243603
2012-04-27,109.5495,78.75647,161.380005,17.182728
2012-04-30,109.143738,78.776657,161.880005,17.152288
2012-05-01,109.822586,78.368034,161.320007,17.159896
2012-05-02,109.494835,78.920013,160.589996,17.235991
2012-05-03,108.659927,78.899788,158.970001,17.228382
2012-05-04,106.904221,79.519058,159.470001,17.228382
2012-05-07,106.982216,79.532486,159.080002,17.243603
2012-05-08,106.553055,79.956551,156.0,17.243603
2012-05-09,105.920975,80.010361,154.470001,17.213163
2012-05-10,106.139496,79.774834,154.770004,17.243603
2012-05-11,105.819534,80.434471,153.559998,17.197943
2012-05-14,104.649048,81.55854,151.330002,17.197943
2012-05-15,104.048233,81.888351,149.740005,17.266431
2012-05-16,103.65023,82.123924,149.460007,17.327307
2012-05-17,102.113014,83.577782,152.800003,17.296871
2012-05-18,101.239006,83.597992,154.550003,17.258822
2012-05-21,102.979156,83.422958,154.649994,17.304481
2012-05-22,103.158607,82.494064,152.080002,17.28926
2012-05-23,103.213249,83.066261,151.619995,17.31209
2012-05-24,103.416122,82.749886,151.410004,17.28926
2012-05-25,103.08062,83.059532,152.679993,17.304481
2012-05-29,104.329124,82.803719,151.020004,17.27404
2012-05-30,102.815308,84.903793,151.910004,17.28926
2012-05-31,102.589035,85.886497,151.619995,17.228382
2012-06-01,100.006149,87.925438,157.5,17.205553
2012-06-04,99.959312,87.230743,157.320007,17.129458
2012-06-05,100.716217,86.063858,157.139999,17.137065
2012-06-06,102.979156,84.343971,157.210007,16.954434
2012-06-07,103.041595,84.47213,154.5,16.878339
2012-06-08,103.860924,84.451889,154.729996,16.923994
2012-06-11,102.542168,84.836319,155.360001,16.954434
2012-06-12,103.720459,84.060677,156.460007,16.908776
2012-06-13,103.057198,84.890274,157.119995,16.969652
2012-06-14,104.14962,84.782372,157.75,16.923994
2012-06-15,105.214821,85.254539,157.839996,16.931606
2012-06-18,105.418724,85.713112,157.929993,16.863116
2012-06-19,106.438438,84.593536,157.160004,16.680484
2012-06-20,106.265823,85.011681,155.970001,16.688095
2012-06-21,103.881378,85.463585,152.020004,16.832676
2012-06-22,104.681435,84.323746,152.639999,16.794628
2012-06-25,103.00293,85.551262,153.759995,16.695704
2012-06-26,103.520584,85.214035,152.619995,16.657654
2012-06-27,104.454002,85.348961,152.830002,16.611994
2012-06-28,104.155945,85.557991,151.050003,16.650045
2012-06-29,106.752182,84.445099,155.190002,16.391316
2012-07-02,107.073792,85.316391,155.089996,16.391316
2012-07-03,107.779686,84.660751,157.460007,16.246729
2012-07-05,107.293373,85.093414,155.679993,16.482631
2012-07-06,106.273705,85.884216,153.710007,16.520678
2012-07-09,106.140396,86.641228,154.039993,16.589166
2012-07-10,105.214821,86.816986,152.149994,16.611994
2012-07-11,105.230476,86.925133,152.990005,16.543508
2012-07-12,104.720665,87.54023,152.589996,16.619608
2012-07-13,106.477646,87.310417,154.139999,16.57395
2012-07-16,106.226646,87.715958,154.210007,16.672872
2012-07-17,106.956116,87.026527,153.470001,16.665265
2012-07-18,107.748322,87.07383,153.050003,16.74897
2012-07-19,108.030685,86.850792,153.380005,16.771799
2012-07-20,107.042381,87.911995,153.669998,16.885948
2012-07-23,105.959961,88.405441,153.029999,16.870727
2012-07-24,105.050056,89.101624,153.520004,16.825068
2012-07-25,105.073647,89.331467,155.669998,16.847897
2012-07-26,106.807083,88.513573,156.770004,16.726143
2012-07-27,108.775864,86.844009,157.539993,16.733749
2012-07-30,108.775864,87.492943,157.429993,16.825068
2012-07-31,108.014999,87.668579,156.490005,16.78702
2012-08-01,107.92086,87.230423,155.139999,16.794628
2012-08-02,107.17572,87.724869,154.130005,16.733749
2012-08-03,109.301338,86.309189,155.550003,16.733749
2012-08-06,109.51313,86.343048,156.300003,16.733749
2012-08-07,110.06218,85.232201,156.279999,16.733749
2012-08-08,110.195557,84.778374,156.479996,16.779408
2012-08-09,110.28968,84.717361,156.990005,16.825068
2012-08-10,110.470108,85.144096,157.179993,16.817461
2012-08-13,110.415176,85.001923,155.990005,16.74897
2012-08-14,110.43084,83.85038,155.130005,16.74897
2012-08-15,110.556351,82.671745,155.630005,16.779408
2012-08-16,111.372101,81.967323,156.559998,16.733749
2012-08-17,111.521111,82.366982,156.720001,16.75658
2012-08-20,111.528954,82.536308,157.259995,16.802239
2012-08-21,111.191673,82.902107,158.830002,16.80985
2012-08-22,111.238731,84.270317,160.539993,16.832676
2012-08-23,110.328896,84.622589,161.889999,16.75658
2012-08-24,110.995544,84.541351,161.970001,16.718533
2012-08-27,111.019096,85.035759,161.360001,16.703315
2012-08-28,110.909302,85.23893,161.639999,16.695704
2012-08-29,110.995544,84.866409,160.589996,16.74897
2012-08-30,110.195557,85.306679,160.520004,16.75658
2012-08-31,110.721046,86.512413,164.220001,16.78702
2012-09-04,110.619102,86.425514,164.479996,16.76419
2012-09-05,110.524971,86.018234,164.309998,16.703315
2012-09-06,112.768272,84.585938,164.889999,16.672872
2012-09-07,113.207497,84.192238,168.440002,16.642438
2012-09-10,112.564301,84.395851,167.289993,16.611994
2012-09-11,112.878105,83.866425,167.899994,16.619608
2012-09-12,113.254578,82.821083,167.919998,16.619608
2012-09-13,114.980156,82.495232,171.309998,16.657654
2012-09-14,115.490021,80.302681,171.800003,16.581557
2012-09-17,115.097862,81.266586,170.399994,16.429362
2012-09-18,115.003677,81.673904,171.720001,16.383706
2012-09-19,115.066475,82.210129,171.740005,16.330437
2012-09-20,115.074295,82.413811,171.470001,16.368486
2012-09-21,115.026184,82.508781,171.960007,16.398923
2012-09-24,114.852699,83.153664,171.050003,16.360877
2012-09-25,113.630501,83.975029,170.770004,16.376098
2012-09-26,112.99173,84.877869,169.809998,16.360877
2012-09-27,114.056259,84.273727,172.339996,16.421753
2012-09-28,113.527931,84.321182,171.889999,16.475021
2012-10-01,113.827583,84.634125,172.289993,16.436975
2012-10-02,113.945877,84.518494,172.100006,16.368486
2012-10-03,114.411102,84.545715,172.410004,16.299998
2012-10-04,115.231178,83.491325,173.610001,16.368486
2012-10-05,115.239098,82.409782,172.619995,16.322829
2012-10-08,114.844818,83.103615,172.050003,16.315219
2012-10-09,113.709312,82.953964,170.990005,16.338045
2012-10-10,112.983856,83.538925,170.839996,16.345656
2012-10-11,113.046883,84.117134,171.320007,16.376098
2012-10-12,112.676315,84.328011,170.059998,16.368486
2012-10-15,113.614716,84.13755,168.350006,16.353267
2012-10-16,114.765984,82.974365,169.419998,16.353267
2012-10-17,115.286469,82.205719,169.539993,16.322829
2012-10-18,114.986763,81.702324,168.789993,16.269559
2012-10-19,113.070549,82.811134,166.970001,16.201074
2012-10-22,113.086334,82.280502,167.580002,16.140193
2012-10-23,111.517166,83.457314,165.429993,16.102145
2012-10-24,111.201698,82.63427,164.860001,16.03366
2012-10-25,111.524986,82.212555,166.020004,16.056487
2012-10-26,111.461929,83.423325,165.929993,16.079315
2012-10-31,111.461929,83.913078,166.830002,16.079315
2012-11-01,112.628998,83.226036,166.070007,16.086925
2012-11-02,111.627487,83.164856,162.600006,16.010831
2012-11-05,111.856232,83.634171,163.229996,16.03366
2012-11-06,112.731491,82.845154,166.300003,16.094536
2012-11-07,110.176605,84.348457,166.490005,15.904294
2012-11-08,108.851845,85.600014,167.990005,15.949951
2012-11-09,108.946442,85.695297,167.820007,15.95756
2012-11-12,109.033218,85.83815,167.449997,15.988001
2012-11-13,108.654701,86.123795,167.100006,16.018439
2012-11-14,107.18795,86.20549,167.139999,16.018439
2012-11-15,107.006615,86.035416,166.089996,16.010831
2012-11-16,107.534958,85.960594,165.880005,16.048879
2012-11-19,109.711357,85.477654,167.869995,16.003218
2012-11-20,109.758675,84.620567,167.389999,16.03366
2012-11-21,109.963676,84.572884,167.559998,16.086925
2012-11-23,111.461929,84.491287,169.610001,16.147803
2012-11-26,111.225327,84.892685,169.429993,16.094536
2012-11-27,110.657623,85.225952,168.710007,16.056487
2012-11-28,111.548653,85.103516,166.550003,16.041267
2012-11-29,112.069099,85.117065,167.179993,16.003218
2012-11-30,112.092758,84.885841,166.050003,16.003218
2012-12-03,111.540787,84.964172,166.130005,15.980389
2012-12-04,111.383087,85.454933,164.419998,15.972781
2012-12-05,111.580231,85.414047,164.119995,15.99561
2012-12-06,111.958687,85.598038,164.5,15.988001
2012-12-07,112.297813,84.807396,165.160004,15.96517
2012-12-10,112.345108,85.182327,165.800003,15.988001
2012-12-11,113.110008,84.534836,165.649994,15.988001
2012-12-12,113.165161,83.553345,165.770004,16.026049
2012-12-13,112.471306,83.614708,164.369995,15.988001
2012-12-14,112.053345,84.24173,164.130005,15.99561
2012-12-17,113.370255,82.980865,164.440002,15.99561
2012-12-18,114.631905,82.135689,162.080002,16.010831
2012-12-19,113.780281,82.40834,161.690002,16.03366
2012-12-20,114.434784,82.421989,159.729996,16.064096
2012-12-21,113.396042,83.32164,160.330002,16.003218
2012-12-24,113.046608,83.171692,160.619995,15.972781
2012-12-26,112.570107,83.470901,160.779999,16.056487
2012-12-27,112.419205,83.7509,161.160004,16.109755
2012-12-28,111.204224,84.229073,160.539993,16.094536
2012-12-31,113.094307,82.774124,162.020004,16.155413
2013-01-02,115.992867,81.667511,163.169998,16.163025
2013-01-03,115.730827,80.560997,161.199997,16.109755
2013-01-04,116.239067,80.875206,160.440002,16.170633
2013-01-07,115.92141,80.909325,159.429993,16.147803
2013-01-08,115.587875,81.442123,160.559998,16.132586
2013-01-09,115.881683,81.366997,160.490005,16.155413
2013-01-10,116.802902,81.141594,161.979996,16.185852
2013-01-11,116.79496,81.865669,161.059998,16.155413
2013-01-14,116.715576,81.640259,161.539993,16.140193
2013-01-15,116.79496,82.015923,162.559998,16.064096
2013-01-16,116.779091,82.186722,162.649994,16.03366
2013-01-17,117.533585,81.366997,163.350006,16.079315
2013-01-18,117.795616,81.995422,163.089996,16.064096
2013-01-22,118.430885,82.152496,163.669998,16.07171
2013-01-23,118.621483,82.029587,163.210007,16.048879
2013-01-24,118.653259,81.742722,161.419998,16.140193
2013-01-25,119.320351,80.622429,160.649994,16.155413
2013-01-28,119.177437,80.32872,160.289993,16.178242
2013-01-29,119.645943,79.884758,160.990005,16.2239
2013-01-30,119.177437,79.748131,162.190002,16.231509
2013-01-31,118.883636,80.137482,161.199997,16.23912
2013-02-01,120.106598,79.096901,161.449997,16.322829
2013-02-04,118.756523,80.110123,162.0,16.23912
2013-02-05,119.95565,79.398125,161.960007,16.261953
2013-02-06,120.043053,80.048477,162.389999,16.315219
2013-02-07,119.884224,79.870491,161.839996,16.277169
2013-02-08,120.551254,80.178581,161.570007,16.315219
2013-02-11,120.527458,80.116959,159.699997,16.315219
2013-02-12,120.72599,79.918396,159.889999,16.345656
2013-02-13,120.829231,79.268066,159.050003,16.338045
2013-02-14,120.940407,79.986877,158.350006,16.353267
2013-02-15,120.797485,79.754143,155.759995,16.345656
2013-02-19,121.702797,79.357109,155.330002,16.406533
2013-02-20,120.185997,79.596695,151.440002,16.299998
2013-02-21,119.455376,80.062187,152.619995,16.140193
2013-02-22,120.622734,80.116959,152.970001,16.231509
2013-02-25,118.32769,81.691475,154.339996,16.117365
2013-02-26,119.137718,81.219139,156.220001,16.117365
2013-02-27,120.63871,80.97953,154.570007,16.193464
2013-02-28,120.400391,81.130142,153.0,16.21629
2013-03-01,120.797485,81.571968,152.440002,16.292389
2013-03-04,121.440727,81.13974,152.300003,16.261953
2013-03-05,122.528725,80.906509,152.380005,16.353267
2013-03-06,122.69545,80.172424,153.229996,16.429362
2013-03-07,122.917847,79.55497,152.690002,16.368486
2013-03-08,123.441994,78.724815,152.710007,16.467412
2013-03-11,123.910515,78.800301,152.990005,16.452197
2013-03-12,123.632568,79.369705,154.190002,16.429362
2013-03-13,123.807274,79.287407,153.660004,16.436975
2013-03-14,124.466454,79.047318,153.679993,16.482631
2013-03-15,124.302063,79.417747,154.0,16.497851
2013-03-18,123.616074,80.021477,155.380005,16.467412
2013-03-19,123.328957,80.563499,156.080002,16.436975
2013-03-20,124.190437,79.664764,155.369995,16.497851
2013-03-21,123.129501,80.433136,156.25,16.398923
2013-03-22,124.118607,80.494858,155.550003,16.391316
2013-03-25,123.600151,80.419373,155.240005,16.338045
2013-03-26,124.589256,80.515427,154.720001,16.436975
2013-03-27,124.589256,81.201469,155.360001,16.429362
2013-03-28,124.972122,80.789833,154.449997,16.360877
2013-04-01,124.477585,81.398376,154.669998,16.178242
2013-04-02,125.091805,81.068344,152.429993,16.307605
2013-04-03,123.823441,81.797096,150.729996,16.178242
2013-04-04,124.326019,82.77346,150.289993,16.338045
2013-04-05,123.767677,84.44413,152.809998,16.322829
2013-04-08,124.605194,83.797874,152.160004,16.398923
2013-04-09,125.03598,83.591621,153.339996,16.376098
2013-04-10,126.567444,82.443359,150.75,16.505459
2013-04-11,126.982292,82.601524,151.050003,16.505459
2013-04-12,126.671165,83.832245,143.949997,16.596776
2013-04-15,123.735748,84.56105,131.309998,16.459802
2013-04-16,125.562439,83.866547,132.800003,16.505459
2013-04-17,123.727798,84.423546,132.869995,16.421753
2013-04-18,122.95401,84.629776,134.300003,16.383706
2013-04-19,124.022881,84.450989,135.470001,16.513072
2013-04-22,124.573311,84.512901,137.899994,16.543508
2013-04-23,125.85759,84.217262,136.880005,16.634827
2013-04-24,125.937309,84.430367,138.369995,16.665265
2013-04-25,126.447906,84.06601,141.630005,16.589166
2013-04-26,126.224487,84.83609,140.910004,16.627218
2013-04-29,127.070076,84.526649,142.300003,16.703315
2013-04-30,127.373116,84.574753,142.770004,16.74136
2013-05-01,126.256409,85.443604,141.110001,16.634827
2013-05-02,127.42897,85.333382,141.919998,16.695704
2013-05-03,128.721222,83.321487,142.089996,16.688095
2013-05-06,129.048264,83.114807,142.149994,16.695704
2013-05-07,129.702377,82.790947,140.380005,16.680484
2013-05-08,130.292633,82.921814,142.460007,16.74897
2013-05-09,129.925751,82.70826,140.809998,16.74136
2013-05-10,130.348495,81.819473,139.600006,16.74136
2013-05-13,130.452194,81.192459,138.429993,16.718533
2013-05-14,131.800323,80.310539,137.809998,16.80985
2013-05-15,132.510239,80.847923,134.630005,16.908776
2013-05-16,131.888016,81.688545,134.089996,16.908776
2013-05-17,133.164352,80.655014,131.070007,17.06097
2013-05-20,133.156357,80.558563,135.119995,17.015311
2013-05-21,133.347778,81.192459,132.880005,17.02292
2013-05-22,132.358673,79.986679,131.940002,16.977262
2013-05-23,131.975769,80.365654,134.610001,16.779408
2013-05-24,131.864044,80.475853,133.759995,16.657654
2013-05-28,132.653778,78.436386,133.490005,16.75658
2013-05-29,131.792328,79.318336,134.830002,16.581557
2013-05-30,132.27887,79.125435,136.699997,16.505459
2013-05-31,130.380402,78.856697,133.919998,16.421753
2013-06-03,131.098343,79.27459,136.509995,16.330437
2013-06-04,130.46814,78.54248,135.229996,16.353267
2013-06-05,128.641464,79.626793,135.520004,16.208681
2013-06-06,129.806107,79.578476,136.529999,16.07171
2013-06-07,131.457291,78.155746,133.279999,16.23912
2013-06-10,131.457291,77.7827,133.940002,16.261953
2013-06-11,130.101181,78.708244,133.25,16.117365
2013-06-12,129.024323,77.582497,134.25,16.155413
2013-06-13,130.986633,78.798012,133.740005,16.140193
2013-06-14,130.1651,78.611542,134.429993,16.041267
2013-06-17,131.170105,78.197128,133.770004,16.140193
2013-06-18,132.207062,78.238594,132.130005,16.21629
2013-06-19,130.380402,77.430496,130.589996,16.2239
2013-06-20,127.149788,76.15966,123.599998,16.292389
2013-06-21,127.558029,74.868118,125.050003,16.277169
2013-06-24,125.946213,75.178963,123.93,16.2239
2013-06-25,127.157028,74.508957,123.470001,16.25434
2013-06-26,128.415955,74.992447,118.279999,16.208681
2013-06-27,129.169815,75.759079,115.940002,16.193464
2013-06-28,128.640518,76.277138,119.110001,16.277169
2013-07-01,129.394348,76.430779,121.129997,16.246729
2013-07-02,129.274002,76.382286,120.050003,16.307605
2013-07-03,129.33017,76.15387,120.739998,16.307605
2013-07-05,130.725494,73.557945,118.089996,16.680484
2013-07-08,131.471283,74.270935,119.510002,16.520678
2013-07-09,132.41748,74.347145,120.620003,16.520678
2013-07-10,132.465622,73.765602,120.949997,16.475021
2013-07-11,134.269867,74.630905,124.239998,16.315219
2013-07-12,134.326019,74.568649,124.129997,16.406533
2013-07-15,134.839203,74.963196,124.18,16.429362
2013-07-16,134.334045,75.219337,124.889999,16.330437
2013-07-17,134.678802,75.357803,123.32,16.376098
2013-07-18,135.416565,74.416328,124.010002,16.444583
2013-07-19,135.65715,75.593155,125.110001,16.376098
2013-07-22,135.921738,75.703911,128.839996,16.292389
2013-07-23,135.633072,75.385452,129.710007,16.299998
2013-07-24,135.135941,74.430161,127.480003,16.360877
2013-07-25,135.464691,74.402481,128.669998,16.284781
2013-07-26,135.609055,74.859413,128.779999,16.201074
2013-07-29,135.192062,74.312485,128.470001,16.117365
2013-07-30,135.192062,74.284843,128.119995,16.178242
2013-07-31,135.288269,74.554802,127.959999,16.178242
2013-08-01,136.852036,73.118248,126.610001,16.475021
2013-08-02,137.084549,73.923233,126.360001,16.421753
2013-08-05,136.884079,73.354164,125.699997,16.414144
2013-08-06,136.106216,73.569336,123.970001,16.330437
2013-08-07,135.665176,74.117607,124.150002,16.201074
2013-08-08,136.162338,74.318832,126.860001,16.102145
2013-08-09,135.769424,74.436844,126.860001,16.079315
2013-08-12,135.609055,73.930237,129.130005,16.079315
2013-08-13,136.01001,72.861443,127.739998,16.25434
2013-08-14,135.312302,72.972496,129.0,16.193464
2013-08-15,133.4198,71.987053,131.690002,16.048879
2013-08-16,132.97879,71.737244,132.580002,16.109755
2013-08-19,132.128815,71.11264,132.009995,16.086925
2013-08-20,132.77832,71.660881,132.449997,16.041267
2013-08-21,131.960312,70.876656,132.070007,16.026049
2013-08-22,133.163239,71.598457,132.809998,16.094536
2013-08-23,133.612366,72.375671,134.899994,16.079315
2013-08-26,133.115128,72.736534,135.449997,15.980389
2013-08-27,130.974121,73.65258,136.75,15.866244
2013-08-28,131.439178,73.055779,136.710007,15.95756
2013-08-29,131.647644,73.638763,135.869995,15.972781
2013-08-30,131.230682,73.555435,134.619995,15.942341
2013-09-03,131.824066,72.517975,136.419998,16.07171
2013-09-04,132.914642,72.357986,134.660004,16.132586
2013-09-05,133.083038,71.34903,132.199997,16.23912
2013-09-06,133.147156,71.703873,134.149994,16.140193
2013-09-09,134.422226,71.738678,133.910004,16.140193
2013-09-10,135.416565,71.237694,131.740005,16.208681
2013-09-11,135.841583,71.870872,131.699997,16.094536
2013-09-12,135.480713,71.77343,127.669998,16.086925
2013-09-13,135.785461,72.051773,127.82,16.117365
2013-09-16,136.57132,71.571693,126.449997,16.124974
2013-09-17,137.18074,72.163124,126.5,16.147803
2013-09-18,138.768509,73.053764,132.009995,16.124974
2013-09-19,138.535995,72.62236,131.75,16.07171
2013-09-20,137.567459,73.005066,127.959999,16.064096
2013-09-23,136.930801,73.540848,127.550003,15.95756
2013-09-24,136.608459,74.334084,127.660004,15.96517
2013-09-25,136.213623,74.487129,128.789993,15.881464
2013-09-26,136.737411,73.965286,127.790001,15.919512
2013-09-27,136.108856,74.146164,128.970001,15.858636
2013-09-30,135.383652,74.034836,128.179993,15.759709
2013-10-01,136.455338,73.810242,124.589996,15.828197
2013-10-02,136.326447,73.921883,127.059998,15.790146
2013-10-03,135.069321,73.803215,127.18,15.76732
2013-10-04,136.092773,73.747437,126.529999,15.812976
2013-10-07,134.91626,74.047417,127.639999,15.615127
2013-10-08,133.34494,74.068336,127.400002,15.52381
2013-10-09,133.441696,73.47538,126.110001,15.539027
2013-10-10,136.318375,73.593933,124.269997,15.691221
2013-10-11,137.196716,73.573029,122.599998,15.70644
2013-10-14,137.744705,72.980042,122.830002,15.70644
2013-10-15,136.745438,72.93116,123.730003,15.660783
2013-10-16,138.655228,73.845093,123.540001,15.736881
2013-10-17,139.58197,74.514839,127.419998,15.774927
2013-10-18,140.524719,74.675339,126.849998,15.858636
2013-10-21,140.532745,74.438095,126.980003,15.873854
2013-10-22,141.346603,75.268288,129.339996,15.934733
2013-10-23,140.6698,75.561302,128.690002,15.805366
2013-10-24,141.1371,75.268288,129.899994,15.866244
2013-10-25,141.781784,75.547363,130.460007,15.873854
2013-10-28,142.007431,75.289223,130.559998,15.949951
2013-10-29,142.764847,75.386894,129.770004,15.980389
2013-10-30,142.05571,74.933418,129.600006,15.95756
2013-10-31,141.652863,75.09391,127.739998,15.942341
2013-11-01,141.991257,74.281143,126.949997,15.911904
2013-11-04,142.490906,74.351006,126.809998,16.010831
2013-11-05,142.039627,73.462601,126.559998,15.934733
2013-11-06,142.764847,73.497551,127.199997,15.99561
2013-11-07,140.959824,74.12014,126.160004,15.851024
2013-11-08,142.861542,72.336464,124.279999,15.988001
2013-11-11,142.885681,72.063583,123.870003,15.99561
2013-11-12,142.595657,72.399384,122.449997,15.988001
2013-11-13,143.739883,72.665192,122.849998,16.064096
2013-11-14,144.457123,73.112839,124.269997,16.094536
2013-11-15,145.085571,73.259743,124.32,16.147803
2013-11-18,144.577911,73.700447,122.900002,16.163025
2013-11-19,144.263641,73.140793,122.949997,16.163025
2013-11-20,143.812408,71.895714,120.120003,16.109755
2013-11-21,144.972763,72.014656,119.940002,16.246729
2013-11-22,145.697952,72.68618,119.919998,16.299998
2013-11-25,145.552933,72.895973,120.459999,16.261953
2013-11-26,145.593201,73.168831,119.82,16.269559
2013-11-27,145.94783,73.042953,119.459999,16.421753
2013-11-29,145.85112,73.063942,120.699997,16.414144
2013-12-02,145.472351,72.495628,117.580002,16.475021
2013-12-03,144.843842,72.762215,117.959999,16.345656
2013-12-04,144.827698,72.067635,119.959999,16.277169
2013-12-05,144.191177,71.864166,118.300003,16.185852
2013-12-06,145.802734,72.20797,118.550003,16.376098
2013-12-09,146.173416,72.376366,119.720001,16.353267
2013-12-10,145.649597,72.895515,121.82,16.201074
2013-12-11,144.01384,72.334251,120.860001,16.026049
2013-12-12,143.538361,72.060593,118.290001,16.079315
2013-12-13,143.522339,72.411415,119.379997,16.03366
2013-12-16,144.416702,72.144836,119.690002,16.117365
2013-12-17,143.957489,72.467575,118.650002,16.094536
2013-12-18,146.415161,72.102722,117.610001,16.452197
2013-12-19,146.24588,72.03257,114.82,16.436975
2013-12-20,147.096649,73.141083,115.940002,16.398923
2013-12-23,147.882507,72.727119,115.57,16.57395
2013-12-24,148.206604,72.144836,116.099998,16.596776
2013-12-26,148.960052,71.866783,116.739998,16.710922
2013-12-27,148.951965,71.662628,117.120003,16.794628
2013-12-30,148.927628,72.15535,115.389999,16.863116
2013-12-31,149.632523,71.697853,116.120003,16.80985
2014-01-02,148.198502,71.916031,118.0,16.596776
2014-01-03,148.174225,71.916031,119.290001,16.49024
2014-01-06,147.744812,72.218727,119.5,16.322829
2014-01-07,148.652176,72.401749,118.82,16.49024
2014-01-08,148.684601,72.204674,118.120003,16.611994
2014-01-09,148.781769,72.626953,118.459999,16.619608
2014-01-10,149.186905,73.49279,120.260002,16.543508
2014-01-13,147.201981,73.858803,121.019997,16.269559
2014-01-14,148.806122,73.52095,119.889999,16.543508
2014-01-15,149.608185,73.443481,119.660004,16.76419
2014-01-16,149.413757,73.936211,119.790001,16.657654
2014-01-17,148.781769,74.245911,120.93,16.695704
2014-01-21,149.219315,74.302238,119.699997,16.771799
2014-01-22,149.316528,74.119232,119.190002,16.885948
2014-01-23,148.093155,75.167953,121.790001,16.619608
2014-01-24,144.933441,75.653694,122.290001,16.231509
2014-01-27,144.22049,75.125801,120.959999,16.2239
2014-01-28,145.0793,75.308777,120.949997,16.345656
2014-01-29,143.68576,75.928185,122.470001,16.353267
2014-01-30,145.208923,75.709999,119.769997,16.353267
2014-01-31,144.3582,76.216843,120.089996,16.109755
2014-02-03,141.109406,77.145508,121.32,15.622732
2014-02-04,142.097794,76.326851,120.989998,15.592294
2014-02-05,141.919617,75.621208,121.290001,15.485759
2014-02-06,143.791046,75.29657,121.239998,15.607515
2014-02-07,145.573441,75.360077,122.169998,15.759709
2014-02-10,145.840836,75.571777,122.919998,15.660783
2014-02-11,147.436905,75.134285,124.360001,15.812976
2014-02-12,147.509842,74.746155,124.43,15.752098
2014-02-13,148.271408,75.169563,125.489998,15.881464
2014-02-14,149.089661,75.211868,127.150002,15.835807
2014-02-18,149.267944,75.381248,127.400002,15.934733
2014-02-19,148.279465,75.063736,126.269997,15.95756
2014-02-20,149.15448,74.88028,127.599998,15.99561
2014-02-21,148.984344,75.275421,127.580002,16.048879
2014-02-24,149.810699,75.084862,128.990005,16.041267
2014-02-25,149.753983,75.75531,129.210007,16.018439
2014-02-26,149.7621,76.157539,128.110001,16.132586
2014-02-27,150.548019,76.573875,128.199997,16.178242
2014-02-28,150.928741,76.616234,127.620003,16.246729
2014-03-03,149.867477,77.127701,130.289993,16.094536
2014-03-04,151.973923,75.967537,128.679993,16.330437
2014-03-05,152.111725,76.130257,128.889999,16.261953
2014-03-06,152.460068,75.380402,130.169998,16.315219
2014-03-07,152.524841,74.906464,129.089996,16.360877
2014-03-10,152.443863,75.012535,129.130005,16.307605
2014-03-11,151.690353,75.21064,129.860001,16.21629
2014-03-12,151.73085,75.7341,131.759995,16.170633
2014-03-13,150.029526,76.752754,132.210007,16.026049
2014-03-14,149.608185,76.766899,133.100006,15.972781
2014-03-17,150.961243,76.193863,131.639999,16.086925
2014-03-18,152.038757,76.46981,130.619995,16.201074
2014-03-19,151.228577,75.875565,128.089996,16.086925
2014-03-20,152.111725,75.741211,127.860001,16.07171
2014-03-21,151.521698,76.561729,128.470001,15.911904
2014-03-24,150.895081,77.106499,126.18,15.881464
2014-03-25,151.611191,76.816414,126.410004,15.851024
2014-03-26,150.520752,77.417679,125.410004,15.812976
2014-03-27,150.20343,77.806709,124.589996,15.805366
2014-03-28,150.943909,77.368141,124.559998,15.851024
2014-03-31,152.180801,77.17717,123.610001,15.896684
2014-04-01,153.189896,76.517601,123.389999,16.041267
2014-04-02,153.702499,76.077866,124.32,15.980389
2014-04-03,153.499084,76.411217,123.919998,15.949951
2014-04-04,151.684418,76.92186,125.57,15.782537
2014-04-07,150.008133,77.382874,124.910004,15.714049
2014-04-08,150.626572,77.567245,126.089996,15.70644
2014-04-09,152.245911,77.184265,126.32,15.881464
2014-04-10,149.047836,77.900574,127.010002,15.653172
2014-04-11,147.705109,78.531822,126.93,15.599904
2014-04-14,148.868851,78.326118,127.849998,15.637951
2014-04-15,149.894211,78.815521,125.489998,15.645565
2014-04-16,151.464691,78.914749,125.540001,15.820587
2014-04-17,151.676315,78.049538,124.75,15.835807
2014-04-21,152.205231,77.985703,124.239998,15.866244
2014-04-22,152.896912,78.248108,123.779999,15.942341
2014-04-23,152.538925,78.694862,123.760002,15.851024
2014-04-24,152.848022,78.843849,124.559998,15.889073
2014-04-25,151.594894,78.957298,125.43,15.744489
2014-04-28,152.075043,78.574356,124.879997,15.79776
2014-04-29,152.783005,78.467949,124.860001,15.866244
2014-04-30,153.238693,78.794197,124.220001,15.873854
2014-05-01,153.254944,79.639519,123.800003,15.866244
2014-05-02,153.035278,80.130081,125.059998,15.881464
2014-05-05,153.328201,79.646606,126.220001,15.812976
2014-05-06,151.993652,79.966507,125.980003,15.759709
2014-05-07,152.888763,79.682182,124.169998,15.774927
2014-05-08,152.726028,79.340935,124.169998,15.805366
2014-05-09,152.953918,79.084984,124.099998,15.79776
2014-05-12,154.443085,78.765068,124.940002,15.858636
2014-05-13,154.581421,79.447563,124.599998,15.889073
2014-05-14,153.849045,80.307777,125.809998,15.835807
2014-05-15,152.498154,80.947632,124.769997,15.820587
2014-05-16,153.027145,80.720154,124.5,15.851024
2014-05-19,153.588669,80.122948,124.580002,15.896684
2014-05-20,152.620239,80.30072,124.690002,15.866244
2014-05-21,153.906021,79.810143,124.389999,15.942341
2014-05-22,154.280289,79.696388,124.669998,15.95756
2014-05-23,154.898788,80.122948,124.510002,15.95756
2014-05-27,155.850891,80.59214,121.849998,16.07171
2014-05-28,155.736954,81.587448,121.199997,16.048879
2014-05-29,156.542542,81.153816,120.940002,16.048879
2014-05-30,156.79483,81.118248,120.43,16.041267
2014-06-02,156.973846,80.515221,119.699997,16.086925
2014-06-03,156.892471,79.524483,120.010002,16.010831
2014-06-04,157.209824,79.503143,119.760002,16.003218
2014-06-05,158.235199,79.538734,120.660004,16.155413
2014-06-06,158.991959,79.538734,120.610001,16.201074
2014-06-09,159.154709,79.424706,120.650002,16.246729
2014-06-10,159.171021,79.132477,121.389999,16.21629
2014-06-11,158.61763,79.275024,121.410004,16.163025
2014-06-12,157.494629,79.98069,122.639999,16.231509
2014-06-13,157.974792,79.937904,122.959999,16.307605
2014-06-16,158.10495,80.137505,122.419998,16.299998
2014-06-17,158.544403,79.503143,122.279999,16.307605
2014-06-18,159.708023,80.116089,122.669998,16.376098
2014-06-19,159.887115,79.089699,126.940002,16.414144
2014-06-20,160.21167,79.688454,126.5,16.368486
2014-06-23,160.162659,79.438965,126.849998,16.360877
2014-06-24,159.197769,80.244392,126.980003,16.345656
2014-06-25,159.917404,80.451126,126.989998,16.414144
2014-06-26,159.802902,80.836006,126.730003,16.459802
2014-06-27,160.113586,80.714798,126.660004,16.414144
2014-06-30,160.031799,80.914429,128.039993,16.49024
2014-07-01,161.102921,80.236969,127.699997,16.634827
2014-07-02,161.266449,79.379456,127.699997,16.650045
2014-07-03,162.059647,79.093597,127.160004,16.718533
2014-07-07,161.495499,79.672424,127.019997,16.710922
2014-07-08,160.456985,80.565704,127.07,16.619608
2014-07-09,161.176575,80.629997,127.839996,16.650045
2014-07-10,160.538757,80.651405,128.539993,16.558731
2014-07-11,160.759506,81.165932,128.779999,16.627218
2014-07-14,161.569016,80.815788,125.720001,16.650045
2014-07-15,161.266449,80.651405,124.529999,16.634827
2014-07-16,161.863403,81.080193,124.970001,16.688095
2014-07-17,160.023651,82.102127,127.089996,16.535898
2014-07-18,161.659058,81.8377,126.129997,16.672872
2014-07-21,161.3564,82.244987,126.339996,16.672872
2014-07-22,162.059647,82.41655,125.739998,16.794628
2014-07-23,162.419388,82.309357,125.620003,16.840285
2014-07-24,162.427582,81.694733,124.349998,16.840285
2014-07-25,161.66713,82.659485,125.790001,16.840285
2014-07-28,161.732559,82.545235,125.580002,16.840285
2014-07-29,161.037537,82.84536,125.199997,16.885948
2014-07-30,161.062027,81.694733,124.830002,16.863116
2014-07-31,157.881424,81.451805,123.389999,16.566338
2014-08-01,157.398972,82.082336,124.379997,16.497851
2014-08-04,158.535522,81.867325,123.989998,16.566338
2014-08-05,156.998367,82.132484,123.870003,16.368486
2014-08-06,157.047379,82.182625,125.669998,16.353267
2014-08-07,156.197006,82.949272,126.18,16.330437
2014-08-08,158.004013,82.770142,126.190002,16.360877
2014-08-11,158.461884,82.763039,125.959999,16.444583
2014-08-12,158.241104,82.225586,125.989998,16.421753
2014-08-13,159.312317,82.763039,126.199997,16.558731
2014-08-14,160.064545,83.429405,126.309998,16.611994
2014-08-15,160.031799,84.339317,125.480003,16.657654
2014-08-18,161.372803,83.501007,124.959999,16.710922
2014-08-19,162.21492,83.24308,124.68,16.779408
2014-08-20,162.64827,83.106926,124.220001,16.817461
2014-08-21,163.122513,83.572678,122.879997,16.817461
2014-08-22,162.869095,84.038338,123.190002,16.878339
2014-08-25,163.694916,84.353615,122.739998,17.015311
2014-08-26,163.801224,84.081345,123.349998,17.015311
2014-08-27,163.735794,84.797867,123.32,17.053359
2014-08-28,163.645874,85.242126,124.0,17.06097
2014-08-29,164.111954,85.299416,123.860001,17.121847
2014-09-02,164.030151,83.827957,121.650002,17.114237
2014-09-03,163.940231,84.294762,122.150002,17.167507
2014-09-04,163.703064,83.267799,121.480003,17.251213
2014-09-05,164.43898,83.10984,122.059998,17.27404
2014-09-08,164.013824,83.145729,120.730003,17.243603
2014-09-09,162.975403,83.081131,120.870003,17.129458
2014-09-10,163.588699,82.556839,120.260002,17.152288
2014-09-11,163.776672,82.283974,119.470001,17.121847
2014-09-12,162.820038,81.422226,118.379997,17.015311
2014-09-15,162.697449,81.544281,118.639999,17.007702
2014-09-16,163.923859,81.213921,118.830002,17.03814
2014-09-17,164.144638,81.005653,117.540001,17.076188
2014-09-18,165.019547,81.264198,117.779999,17.213163
2014-09-19,164.870819,82.298294,117.089996,17.327307
2014-09-22,163.59758,82.39888,116.849998,17.251213
2014-09-23,162.661072,82.908699,117.599998,17.228382
2014-09-24,163.934311,82.44912,117.050003,17.319698
2014-09-25,161.289185,83.425751,117.389999,17.159896
2014-09-26,162.57074,83.303703,117.059998,17.28165
2014-09-29,162.274994,83.971565,117.029999,17.243603
2014-09-30,161.847839,83.49762,116.209999,17.34253
2014-10-01,159.654449,85.116722,116.769997,17.266431
2014-10-02,159.679092,84.375183,116.739998,17.144678
2014-10-03,161.437042,84.735168,114.610001,17.357747
2014-10-06,161.248077,84.785507,116.029999,17.205553
2014-10-07,158.759018,85.930229,116.360001,16.992481
2014-10-08,161.53566,85.951836,117.470001,17.152288
2014-10-09,158.331894,85.577454,117.639999,16.992481
2014-10-10,156.524597,86.426979,117.589996,16.885948
2014-10-13,153.953369,86.952538,118.519997,16.74136
2014-10-14,154.191589,87.521271,118.589996,16.825068
2014-10-15,153.148315,88.21244,118.989998,16.726143
2014-10-16,153.016907,87.650871,119.220001,16.642438
2014-10-17,154.824173,87.161324,118.989998,16.650045
2014-10-20,156.327438,87.47805,119.800003,16.733749
2014-10-21,159.424454,86.779678,120.019997,16.726143
2014-10-22,158.290848,86.873352,119.339996,16.78702
2014-10-23,160.13092,86.103012,118.519997,16.76419
2014-10-24,161.363129,86.189415,118.349998,16.779408
2014-10-27,161.141342,86.347801,118.059998,16.832676
2014-10-28,162.989639,85.807823,118.099998,16.78702
2014-10-29,162.74324,86.002281,116.410004,16.695704
2014-10-30,163.786469,86.074211,115.190002,16.878339
2014-10-31,165.659454,85.851067,112.660004,17.114237
2014-11-03,165.749847,85.851051,112.150002,17.182728
2014-11-04,165.174774,86.118065,112.220001,17.213163
2014-11-05,166.218079,85.995384,109.790001,17.31209
2014-11-06,166.883499,85.43969,109.879997,17.28165
2014-11-07,167.039566,86.42115,112.970001,17.31209
2014-11-10,167.565277,85.627335,110.459999,17.334921
2014-11-11,167.729599,85.685074,112.040001,17.319698
2014-11-12,167.548859,85.612854,111.5,17.31209
2014-11-13,167.737839,85.814949,111.669998,17.456675
2014-11-14,167.778946,86.233528,114.470001,17.479502
2014-11-17,167.885681,86.017029,114.050003,17.47189
2014-11-18,168.854996,86.255165,115.050003,17.525163
2014-11-19,168.583969,85.706703,113.68,17.54038
2014-11-20,168.879669,86.154144,114.860001,17.517551
2014-11-21,169.783264,86.673775,115.389999,17.624088
2014-11-24,170.25972,86.745918,115.110001,17.631696
2014-11-25,170.13652,87.467636,115.379997,17.684965
2014-11-26,170.571884,87.705788,115.160004,17.684965
2014-11-28,170.210464,88.398582,112.110001,17.936084
2014-12-01,169.027481,87.882889,116.580002,17.723015
2014-12-02,170.120087,87.029335,115.139999,17.799108
2014-12-03,170.777298,87.369278,116.330002,17.958914
2014-12-04,170.588333,88.099838,115.879997,17.996962
2014-12-05,170.867599,87.586281,114.43,17.981742
2014-12-08,169.725815,88.656784,115.779999,17.996962
2014-12-09,169.610809,89.112495,118.190002,17.966525
2014-12-10,166.891693,89.763443,117.959999,17.87521
2014-12-11,167.737839,90.132355,117.690002,17.952221
2014-12-12,165.026947,91.354759,117.410004,17.944522
2014-12-15,163.893265,91.166679,114.389999,17.821299
2014-12-16,162.578949,92.295074,114.949997,17.867507
2014-12-17,165.766205,91.463264,114.269997,17.944522
2014-12-18,169.865417,89.8358,115.150002,18.121658
2014-12-19,170.588181,91.043739,114.769997,18.229477
2014-12-22,171.37291,91.166679,112.550003,18.406611
2014-12-23,171.604202,89.358429,112.739998,18.267985
2014-12-24,171.620697,89.844788,112.769997,18.329598
2014-12-26,172.174072,90.178215,114.830002,18.414312
2014-12-29,172.405457,90.852318,113.669998,18.591449
2014-12-30,171.48027,91.098732,115.199997,18.529836
2014-12-31,169.778656,91.27272,113.580002,18.552942
2015-01-02,169.687881,92.287521,114.080002,18.714676
2015-01-05,166.623367,93.737152,115.800003,18.745479
2015-01-06,165.053894,95.426132,117.120003,18.776286
2015-01-07,167.110672,95.237617,116.43,18.899509
2015-01-08,170.076035,93.976425,115.940002,18.945717
2015-01-09,168.713196,95.005714,117.260002,18.938014
2015-01-12,167.391479,95.549316,118.559998,19.053542
2015-01-13,166.920746,95.549316,118.160004,19.061241
2015-01-14,165.912949,96.274147,117.970001,19.015033
2015-01-15,164.393097,97.789124,120.940002,18.945717
2015-01-16,166.549026,96.542343,122.519997,18.861005
2015-01-20,166.904175,97.82531,124.199997,19.007332
2015-01-21,167.746689,96.694595,124.230003,18.953421
2015-01-22,170.241272,96.346672,125.230003,19.169062
2015-01-23,169.307877,97.687614,124.230003,19.400107
2015-01-26,169.704346,97.390472,122.989998,19.330795
2015-01-27,167.465851,97.542549,124.400002,19.23838
2015-01-28,165.318283,99.137329,123.419998,19.384702
2015-01-29,166.846375,98.484993,120.760002,19.400107
2015-01-30,164.748245,100.231873,123.449997,19.423213
2015-02-02,166.788544,99.853432,122.419998,19.3693
2015-02-03,169.200439,97.739876,121.050003,19.176765
2015-02-04,168.556183,97.906898,121.580002,19.269183
2015-02-05,170.257843,96.831963,121.790001,19.169062
2015-02-06,169.786942,95.117851,118.639999,19.015033
2015-02-09,169.027008,94.965363,119.169998,18.945717
2015-02-10,170.827682,94.209999,118.470001,19.053542
2015-02-11,170.926865,94.384285,117.07,19.099746
2015-02-12,172.570663,94.071983,117.339996,19.169062
2015-02-13,173.280991,93.105995,117.980003,19.107451
2015-02-17,173.553619,91.704254,116.010002,18.907207
2015-02-18,173.570084,92.248901,116.339996,19.115152
2015-02-19,173.446259,91.638847,115.940002,19.076644
2015-02-20,174.487,91.907585,115.279999,19.14596
2015-02-23,174.462204,92.960732,115.43,19.246079
2015-02-24,174.957794,94.180939,115.260002,19.346196
2015-02-25,174.809113,94.587669,115.699997,19.400107
2015-02-26,174.602661,93.294853,116.07,19.531029
2015-02-27,174.007904,94.079262,116.160004,19.492525
2015-03-02,175.106461,92.326881,115.68,19.561839
2015-03-03,174.387848,91.992157,115.470001,19.392406
2015-03-04,173.652679,92.021233,115.110001,19.338497
2015-03-05,173.842712,91.904793,115.0,19.492525
2015-03-06,171.397705,89.874443,111.860001,19.261481
2015-03-09,172.108063,90.704071,111.970001,19.415512
2015-03-10,169.316208,91.897499,111.419998,19.415512
2015-03-11,168.919632,92.567017,110.75,19.669663
2015-03-12,171.067261,92.501503,110.720001,19.769783
2015-03-13,170.018234,92.21772,110.879997,19.808287
2015-03-16,172.28981,93.105537,110.809998,19.823692
2015-03-17,171.777664,93.876907,110.209999,19.8699
2015-03-18,173.842712,95.688995,112.370003,20.077841
2015-03-19,173.049713,95.201393,112.290001,20.139452
2015-03-20,174.577209,95.703522,113.57,20.185662
2015-03-23,174.23703,95.587097,114.290001,20.047038
2015-03-24,173.25798,96.511314,114.57,20.170257
2015-03-25,170.71907,95.696266,114.730003,19.962317
2015-03-26,170.312561,94.204414,115.480003,19.769783
2015-03-27,170.702499,95.376068,115.059998,19.939213
2015-03-30,172.785065,94.902977,113.75,20.139452
2015-03-31,171.275024,95.106766,113.660004,20.077841
2015-04-01,170.669312,96.35601,115.599998,20.124049
2015-04-02,171.283325,95.335083,115.279999,20.077841
2015-04-06,172.436584,94.802704,116.690002,20.22417
2015-04-07,171.980209,95.597595,116.110001,20.216473
2015-04-08,172.56102,95.626701,115.470001,20.339692
2015-04-09,173.324387,94.387024,114.669998,20.462917
2015-04-10,174.270218,94.525551,115.970001,20.416705
2015-04-13,173.481964,94.656876,115.139999,20.486023
2015-04-14,173.813904,95.327797,114.440002,20.47832
2015-04-15,174.593781,95.247528,115.43,20.486023
2015-04-16,174.544006,94.77356,115.029999,20.370501
2015-04-17,172.536133,95.8601,115.599998,20.13175
2015-04-20,174.112534,95.014175,114.720001,20.208766
2015-04-21,173.905182,94.583931,115.379997,20.316588
2015-04-22,174.759796,93.14003,113.830002,20.22417
2015-04-23,175.199478,93.54113,114.660004,20.193363
2015-04-24,175.606033,94.124519,113.050003,20.231872
2015-04-27,174.875931,94.124519,115.330002,20.208766
2015-04-28,175.431778,92.826408,116.330002,20.023932
2015-04-29,174.709991,91.688835,115.510002,19.554137
2015-04-30,172.959244,91.849243,113.470001,19.215269
2015-05-01,174.834381,90.612816,113.080002,19.20757
2015-05-04,175.332245,89.757835,114.099998,19.284585
2015-05-05,173.324387,89.633606,114.419998,18.938014
2015-05-06,172.61084,88.099022,114.360001,18.683869
2015-05-07,173.299469,89.282845,113.419998,18.791689
2015-05-08,175.581161,89.523987,113.970001,19.015033
2015-05-11,174.743149,87.346359,113.529999,18.837899
2015-05-12,174.220413,87.572899,114.5,18.730074
2015-05-13,174.253647,86.87133,116.550003,18.668462
2015-05-14,176.070648,87.105186,117.18,18.730074
2015-05-15,176.26149,88.851715,117.529999,18.814793
2015-05-18,176.809113,87.360962,117.519997,18.861005
2015-05-19,176.751007,86.586395,115.889999,19.053542
2015-05-20,176.626541,86.732513,116.080002,19.153659
2015-05-21,177.141022,87.945587,115.690002,19.184464
2015-05-22,176.717865,87.982117,115.599998,19.23838
2015-05-26,174.817764,89.48745,113.910004,19.276882
2015-05-27,176.477188,89.692062,113.889999,19.538737
2015-05-28,176.278076,89.472855,114.019997,19.507928
2015-05-29,175.182892,89.670135,114.099998,19.415512
2015-06-01,175.539688,88.706413,114.0,19.377001
2015-06-02,175.365448,87.468758,114.459999,19.115152
2015-06-03,175.830048,86.062752,113.639999,19.053542
2015-06-04,174.344879,87.183136,112.839996,19.068945
2015-06-05,174.046127,86.121284,112.239998,19.015033
2015-06-08,172.975861,86.026108,112.57,18.822494
2015-06-09,172.951004,85.345009,112.82,18.676167
2015-06-10,175.025269,84.598061,113.779999,18.653059
2015-06-11,175.589432,86.377586,113.260002,18.884105
2015-06-12,174.245331,86.377586,113.230003,18.907207
2015-06-15,173.498611,86.516731,113.730003,18.968821
2015-06-16,174.444443,87.197792,113.32,19.007332
2015-06-17,174.726501,86.524063,113.849998,18.968821
2015-06-18,176.543549,86.099297,115.32,18.984228
2015-06-19,175.759857,87.205154,115.120003,19.122852
2015-06-22,176.660339,85.425583,113.639999,19.115152
2015-06-23,176.785339,84.912926,112.889999,19.099746
2015-06-24,175.501419,85.645256,112.589996,18.999626
2015-06-25,174.96788,85.345009,112.440002,18.884105
2015-06-26,174.934494,84.385704,112.559998,18.845596
2015-06-29,171.266037,86.61927,113.07,18.737778
2015-06-30,171.624573,86.018745,112.370003,18.599148
2015-07-01,173.000214,84.857697,111.980003,18.645358
2015-07-02,172.841812,85.136604,111.760002,18.645358
2015-07-06,172.34993,86.714561,112.059998,18.737778
2015-07-07,173.433716,87.529213,110.760002,18.845596
2015-07-08,170.524048,88.285156,111.089996,18.568345
2015-07-09,170.832489,86.545746,111.360001,18.583747
2015-07-10,172.983551,85.173256,111.489998,18.552942
2015-07-13,174.892731,84.909058,110.989998,18.645358
2015-07-14,175.651535,85.187927,110.739998,18.660758
2015-07-15,175.593109,86.090652,110.160004,18.745479
2015-07-16,177.002121,86.685219,109.760002,18.791689
2015-07-17,177.152206,87.132866,108.650002,18.876403
2015-07-20,177.243958,86.765877,105.699997,18.930317
2015-07-21,176.543564,87.235664,105.370003,18.868706
2015-07-22,176.226822,87.778793,104.800003,18.884105
2015-07-23,175.23465,88.872353,104.330002,18.884105
2015-07-24,173.417038,89.092522,105.349998,18.822494
2015-07-27,172.408264,89.569565,104.860001,18.814793
2015-07-28,174.525925,88.916336,105.019997,18.807094
2015-07-29,175.726547,88.586098,105.169998,18.822494
2015-07-30,175.768265,89.268639,104.269997,18.968821
2015-07-31,175.501419,89.92923,104.93,19.115152
2015-08-03,174.909454,90.875809,104.099998,19.253778
2015-08-04,174.567642,90.154976,104.309998,19.16136
2015-08-05,175.142868,89.478287,103.93,19.276882
2015-08-06,173.708923,90.272675,104.389999,19.284585
2015-08-07,173.375412,91.456932,104.650002,19.330795
2015-08-10,175.559845,90.324196,105.720001,19.276882
2015-08-11,173.975677,91.758446,106.260002,19.415512
2015-08-12,174.184143,91.258316,107.75,19.222971
2015-08-13,173.9673,90.96405,106.860001,19.253778
2015-08-14,174.601013,91.177383,106.849998,19.23838
2015-08-17,175.576431,91.589218,107.129997,19.276882
2015-08-18,175.067886,90.868469,107.110001,19.307691
2015-08-19,173.683853,91.765839,108.550003,19.261481
2015-08-20,170.057114,92.692627,110.440002,19.068945
2015-08-21,164.937958,92.972122,111.129997,18.830198
2015-08-24,157.992966,92.942696,110.529999,18.475923
2015-08-25,156.133774,91.449547,109.160004,18.267985
2015-08-26,162.128311,89.684258,107.669998,18.422016
2015-08-27,166.138565,89.735741,107.730003,18.352702
2015-08-28,166.146912,90.000549,108.699997,18.275687
2015-08-31,164.804611,89.309128,108.82,18.137059
2015-09-01,159.885544,89.952667,109.199997,18.198669
2015-09-02,162.920319,89.178635,108.620003,18.229477
2015-09-03,163.037033,89.613571,107.839996,18.198669
2015-09-04,160.56926,90.431816,107.489998,18.221775
2015-09-08,164.604477,89.097542,107.519997,18.206373
2015-09-09,162.403412,89.525101,106.129997,18.237178
2015-09-10,163.28717,88.92067,106.379997,18.198669
2015-09-11,164.02919,89.480904,106.160004,18.214074
2015-09-14,163.420609,89.620911,106.220001,18.137059
2015-09-15,165.463242,87.903419,105.900002,18.098554
2015-09-16,166.897217,87.571724,107.309998,18.044639
2015-09-17,166.522095,88.640579,108.410004,18.08315
2015-09-18,163.800858,90.004196,109.209999,18.260284
2015-09-21,164.647354,88.537331,108.529999,18.267985
2015-09-22,162.510223,89.768387,107.790001,18.291087
2015-09-23,162.250473,89.760986,108.220001,18.352702
2015-09-24,161.663803,90.372795,110.489998,18.183269
2015-09-25,161.621918,89.591423,109.809998,18.183269
2015-09-28,157.565598,91.124718,108.419998,18.075448
2015-09-29,157.657822,91.382652,107.980003,18.029236
2015-09-30,160.599411,91.065727,106.860001,18.067745
2015-10-01,161.018494,91.454178,106.730003,18.160163
2015-10-02,163.423721,92.008255,108.989998,18.160163
2015-10-05,166.331833,90.759903,108.769997,18.160163
2015-10-06,165.761993,91.151398,109.860001,17.975327
2015-10-07,167.119644,90.848557,109.699997,17.875208
2015-10-08,168.628189,90.087685,109.139999,17.813598
2015-10-09,168.72876,90.324104,110.870003,17.651865
2015-10-12,168.88797,91.01104,111.309998,17.721178
2015-10-13,167.823578,91.166176,111.860001,17.751983
2015-10-14,167.019043,91.963951,113.809998,17.736582
2015-10-15,169.583557,91.513336,113.290001,17.767388
2015-10-16,170.354538,91.542908,112.489998,17.875208
2015-10-19,170.438385,91.291763,112.019997,17.929117
2015-10-20,170.220459,90.73037,112.730003,17.836702
2015-10-21,169.164536,91.631546,111.730003,18.013834
2015-10-22,172.022339,91.78669,111.690002,18.244883
2015-10-23,173.90802,91.003693,111.5,18.283386
2015-10-26,173.48056,91.60936,111.43,18.321894
2015-10-27,173.145386,91.838371,111.68,18.375808
2015-10-28,175.114838,91.46904,110.779999,18.345
2015-10-29,175.014297,90.013908,109.720001,18.298788
2015-10-30,174.260025,90.693443,109.300003,18.160163
2015-11-02,176.321579,90.276649,108.589996,18.260284
2015-11-03,176.832825,89.536392,106.980003,18.183269
2015-11-04,176.296448,89.640038,105.970001,18.252585
2015-11-05,176.120514,89.403137,105.639999,18.260284
2015-11-06,176.028275,88.092865,104.099998,18.275687
2015-11-09,174.385666,87.596848,104.400002,18.368109
2015-11-10,174.787979,87.85598,104.18,18.475923
2015-11-11,174.100754,87.670883,103.830002,18.437418
2015-11-12,171.670349,88.092865,103.849998,18.375808
2015-11-13,169.742813,88.59626,103.559998,18.391208
2015-11-16,172.324036,88.514824,103.709999,18.552942
2015-11-17,172.198349,88.662895,102.339996,18.668462
2015-11-18,174.930435,88.847931,102.43,18.776286
2015-11-19,174.779587,89.440147,103.559998,18.622256
2015-11-20,175.416534,89.166275,103.089996,18.653059
2015-11-23,175.215393,89.440147,102.260002,18.691568
2015-11-24,175.450012,89.432755,102.940002,18.522137
2015-11-25,175.424911,89.640038,102.459999,18.622256
2015-11-27,175.626083,89.551208,101.25,18.830198
2015-11-30,174.896881,89.906525,101.919998,18.814793
2015-12-01,176.564713,91.120941,102.279999,18.799392
2015-12-02,174.762848,91.150589,100.690002,18.814793
2015-12-03,172.315659,88.672798,101.760002,18.275687
2015-12-04,175.676331,89.451759,104.019997,18.244883
2015-12-07,174.612015,90.319748,102.669998,18.337299
2015-12-08,173.438614,90.36422,102.839996,18.314195
2015-12-09,172.089371,90.267807,102.639999,18.252585
2015-12-10,172.5336,90.386475,102.550003,18.293705
2015-12-11,169.189636,91.810852,103.110001,18.269981
2015-12-14,170.044495,90.62394,101.790001,18.356981
2015-12-15,171.829559,90.089752,101.519997,18.467708
2015-12-16,174.343811,89.896873,102.75,18.570525
2015-12-17,171.687103,90.913239,100.5,18.673347
2015-12-18,168.62854,91.417641,102.040001,18.586345
2015-12-21,170.019592,91.395401,103.150002,18.523074
2015-12-22,171.562332,90.735191,102.610001,18.530981
2015-12-23,173.686829,90.052643,102.309998,18.349073
2015-12-24,173.400192,90.568604,103.050003,18.349073
2015-12-28,173.003937,90.836197,102.269997,18.388617
2015-12-29,174.850235,89.327103,102.199997,18.269981
2015-12-30,173.610931,89.237869,101.419998,18.412346
2015-12-31,171.874252,89.639343,101.459999,18.412346
2016-01-04,169.471512,90.286079,102.889999,18.38071
2016-01-05,169.758179,89.921814,103.18,18.451889
2016-01-06,167.616898,91.133591,104.669998,18.404439
2016-01-07,163.595428,91.297089,106.150002,18.238346
2016-01-08,161.799713,91.705971,105.68,18.159254
2016-01-11,161.9599,90.702431,104.739998,18.404439
2016-01-12,163.266647,92.010765,104.209999,18.436071
2016-01-13,159.194687,92.917747,104.720001,18.420254
2016-01-14,161.808136,92.047958,103.019997,18.396527
2016-01-15,158.334702,93.482689,104.080002,18.562618
2016-01-19,158.545532,93.192802,103.980003,18.570525
2016-01-20,156.513718,94.174072,105.370003,18.704981
2016-01-21,157.390564,93.53476,105.489998,18.570525
2016-01-22,160.619446,93.177933,105.0,18.293705
2016-01-25,158.191422,93.683418,106.080002,18.507254
2016-01-26,160.349655,93.72802,107.290001,18.38071
2016-01-27,158.604492,93.705742,107.690002,18.325346
2016-01-28,159.430679,93.839531,106.540001,18.277895
2016-01-29,163.31723,94.635002,106.949997,18.428162
2016-02-01,163.25824,94.345245,108.050003,18.443981
2016-02-02,160.315933,96.095551,108.089996,18.538893
2016-02-03,161.277023,95.298622,109.25,18.349073
2016-02-04,161.529938,95.760414,110.57,18.341166
2016-02-05,158.452789,95.872116,112.32,18.451889
2016-02-08,156.319855,97.935234,113.830002,18.420254
2016-02-09,156.328308,98.039536,113.580002,18.5468
2016-02-10,156.193405,98.903458,114.459999,18.451889
2016-02-11,154.161621,99.596169,119.059998,18.467708
2016-02-12,157.339935,97.942703,118.360001,18.309525
2016-02-16,159.995575,96.907394,114.769997,18.36489
2016-02-17,162.609055,96.311569,115.480003,18.254163
2016-02-18,161.943008,97.495811,118.290001,18.325346
2016-02-19,161.867188,97.577736,117.580002,18.309525
2016-02-22,164.210922,97.525604,115.489998,18.317439
2016-02-23,162.136932,97.920372,117.220001,18.436071
2016-02-24,162.878876,97.726692,117.610001,18.507254
2016-02-25,164.851624,98.076775,117.919998,18.5468
2016-02-26,164.472183,97.130898,117.110001,18.530981
2016-02-29,163.182358,97.555367,118.639999,18.586345
2016-03-01,167.01828,95.837578,117.769997,18.570525
2016-03-02,167.768631,96.23307,118.68,18.515164
2016-03-03,168.426208,96.583809,120.730003,18.483527
2016-03-04,168.974152,95.964455,120.540001,18.262073
2016-03-07,169.109039,95.934624,121.139999,18.159254
2016-03-08,167.262756,96.994255,120.580002,18.206709
2016-03-09,168.088913,96.404709,119.580002,18.056438
2016-03-10,168.223785,96.009262,121.5,17.755891
2016-03-11,170.938461,95.039093,119.410004,17.819167
2016-03-14,170.719269,95.337616,117.870003,17.779618
2016-03-15,170.441055,95.427162,117.959999,17.660984
2016-03-16,171.427429,95.710716,120.589996,17.716345
2016-03-17,172.515015,96.106201,120.129997,17.787526
2016-03-18,173.192917,96.307709,119.800003,17.890345
2016-03-21,173.43866,95.56897,118.959999,17.866621
2016-03-22,173.345428,95.546562,119.309998,17.953619
2016-03-23,172.201477,96.628593,116.610001,17.985253
2016-03-24,172.125168,96.665901,116.330002,17.850799
2016-03-28,172.226852,96.792747,116.599998,17.898255
2016-03-29,173.819992,97.807587,118.760002,18.016894
2016-03-30,174.582657,96.777809,117.099998,18.048526
2016-03-31,174.158966,97.464401,117.639999,17.747982
2016-04-01,175.345322,97.718597,116.93,17.84289
2016-04-04,174.777542,97.778397,116.150002,17.716345
2016-04-05,173.031921,98.847717,117.660004,17.763799
2016-04-06,174.921646,98.129868,116.940002,17.763799
2016-04-07,172.828506,99.341263,118.610001,17.747982
2016-04-08,173.294617,98.713142,118.43,17.653071
2016-04-11,172.887833,98.586029,120.029999,17.621438
2016-04-12,174.497894,97.905502,120.050003,17.486984
2016-04-13,176.260498,98.249512,118.769997,17.463253
2016-04-14,176.269028,97.778397,117.110001,17.43162
2016-04-15,176.074112,98.615936,117.919998,17.581892
2016-04-18,177.31131,98.189697,117.739998,17.494891
2016-04-19,177.870575,97.88311,119.580002,17.392073
2016-04-20,178.0401,96.80629,118.970001,17.265526
2016-04-21,177.082504,96.230515,119.419998,17.146892
2016-04-22,177.082504,95.98381,117.889999,17.178528
2016-04-25,176.777466,95.587486,118.230003,17.107346
2016-04-26,177.040131,95.153786,118.699997,17.059892
2016-04-27,177.404465,96.103378,119.040001,16.933346
2016-04-28,175.794464,96.49971,121.290001,16.98871
2016-04-29,174.845398,96.746506,123.650002,16.925436
2016-05-02,176.235077,95.772423,123.239998,17.083618
2016-05-03,174.701324,96.978729,122.959999,16.949163
2016-05-04,173.726776,97.510735,122.209999,16.790981
2016-05-05,173.692886,98.162621,122.07,16.688164
2016-05-06,174.328476,97.743034,123.18,16.751438
2016-05-09,174.472519,98.050217,120.650002,16.664438
2016-05-10,176.641876,98.057709,120.980003,16.814709
2016-05-11,174.989441,98.612213,122.120003,16.830526
2016-05-12,175.040298,98.162621,121.160004,16.790981
2016-05-13,173.514908,99.114204,121.709999,16.767256
2016-05-16,175.226669,98.26004,121.800003,16.751438
2016-05-17,173.591232,98.424843,122.220001,16.648618
2016-05-18,173.642029,97.023735,120.099998,16.482529
2016-05-19,173.04039,97.443344,119.870003,16.482529
2016-05-20,174.133545,97.518227,119.709999,16.537893
2016-05-23,173.89624,97.735504,119.370003,16.482529
2016-05-24,176.15036,97.300972,117.300003,16.458802
2016-05-25,177.3452,96.933777,116.980003,16.474618
2016-05-26,177.396042,97.435822,116.580002,16.498348
2016-05-27,178.158722,97.293488,115.620003,16.537893
2016-05-31,177.819794,97.525696,116.059998,16.419258
2016-06-01,178.184128,97.921417,115.940002,16.419258
2016-06-02,178.726517,98.627159,115.669998,16.561621
2016-06-03,178.192566,100.031204,118.879997,16.514164
2016-06-06,179.099335,99.287888,118.919998,16.482529
2016-06-07,179.378967,99.52816,118.82,16.545801
2016-06-08,179.963699,100.061256,120.580002,16.577439
2016-06-09,179.717941,100.70694,121.25,16.656528
2016-06-10,178.014664,101.194969,121.739998,16.672346
2016-06-13,176.641876,101.645447,122.639999,16.648618
2016-06-14,176.294449,101.570381,122.769997,16.735619
2016-06-15,176.04866,101.9608,123.68,16.790981
2016-06-16,176.57402,102.456367,122.379997,16.862167
2016-06-17,175.916443,101.818169,123.949997,16.759348
2016-06-20,177.049362,100.729454,123.209999,16.632801
2016-06-21,177.551956,100.263931,120.839996,16.522075
2016-06-22,177.262375,100.429153,120.900002,16.506258
2016-06-23,179.570755,99.280403,120.110001,16.395527
2016-06-24,173.122498,101.94577,126.0,16.624893
2016-06-27,170.021927,104.491051,126.68,16.648618
2016-06-28,173.088486,104.708778,125.32,16.688164
2016-06-29,176.03569,103.905411,125.839996,16.688164
2016-06-30,178.43782,104.28833,126.470001,16.680257
2016-07-01,178.812622,105.736259,128.410004,16.830526
2016-07-05,177.526352,107.060219,129.470001,16.893801
2016-07-06,178.591141,107.233223,130.229996,16.893801
2016-07-07,178.480438,107.2257,129.740005,16.909617
2016-07-08,181.138107,108.015457,130.520004,17.051983
2016-07-11,181.776886,107.067726,129.289993,17.004529
2016-07-12,183.097214,105.307556,127.150002,16.806801
2016-07-13,183.071716,106.548698,128.320007,16.925436
2016-07-14,184.093872,104.999168,127.330002,16.82262
2016-07-15,183.846832,104.096558,126.839996,16.727711
2016-07-18,184.340958,103.998703,127.040001,16.759348
2016-07-19,184.153503,104.585442,127.209999,16.790981
2016-07-20,184.92012,104.013817,125.389999,16.759348
2016-07-21,184.221664,104.22435,127.300003,16.798893
2016-07-22,185.047897,104.404938,126.349998,16.775164
2016-07-25,184.545334,104.329697,125.470001,16.759348
2016-07-26,184.630508,104.495193,126.0,16.893801
2016-07-27,184.434601,105.796463,128.029999,17.123166
2016-07-28,184.647552,105.600952,127.660004,17.138985
2016-07-29,184.945648,106.480995,128.979996,17.123166
2016-08-01,184.792358,105.326561,129.220001,17.012437
2016-08-02,183.608353,104.241371,130.270004,16.790981
2016-08-03,184.144974,104.301682,129.649994,16.814709
2016-08-04,184.340958,105.085373,129.869995,16.925436
2016-08-05,185.848587,103.992722,127.550003,16.925436
2016-08-08,185.737915,104.188583,127.440002,16.917528
2016-08-09,185.848587,105.213448,127.959999,17.004529
2016-08-10,185.388626,105.620438,128.559998,17.067801
2016-08-11,186.249008,104.678497,127.669998,16.941256
2016-08-12,186.087112,105.560097,127.400002,16.862167
2016-08-15,186.623779,104.565384,127.839996,16.790981
2016-08-16,185.661224,104.286613,128.470001,16.680257
2016-08-17,186.010437,104.912064,128.5,16.640713
2016-08-18,186.427811,105.077873,129.110001,16.672346
2016-08-19,186.155243,104.527718,127.970001,16.537893
2016-08-22,186.146759,105.409386,127.779999,16.593255
2016-08-23,186.521561,105.522476,127.760002,16.7198
2016-08-24,185.56752,105.27375,126.339996,16.585346
2016-08-25,185.439774,104.874382,126.230003,16.553711
2016-08-26,185.0905,104.263992,126.050003,16.466712
2016-08-29,186.001938,105.658073,126.300003,16.775164
2016-08-30,185.695282,105.251175,125.029999,16.703985
2016-08-31,185.167221,105.401878,124.779999,16.522075
2016-09-01,185.175659,105.518204,125.290001,16.482529
2016-09-02,186.010437,104.657471,126.57,16.506258
2016-09-06,186.572678,105.420044,128.710007,16.751438
2016-09-07,186.555634,105.344498,128.270004,16.775164
2016-09-08,186.129715,104.023376,127.589996,16.466712
2016-09-09,181.674683,102.309647,126.75,16.039622
2016-09-12,184.281281,102.362396,126.589996,16.079166
2016-09-13,181.632141,101.199883,125.75,15.889346
2016-09-14,181.56395,101.350838,126.18,15.96053
2016-09-15,183.378387,100.912994,125.370003,16.039622
2016-09-16,182.669449,101.728317,125.059998,16.031711
2016-09-19,182.703766,101.396156,125.32,16.110801
2016-09-20,182.71228,101.750992,125.440002,16.166166
2016-09-21,184.766983,102.573853,127.269997,16.229439
2016-09-22,185.93129,103.389259,127.57,16.324347
2016-09-23,184.912491,103.291077,127.650002,16.284801
2016-09-26,183.414307,103.947868,127.550003,16.261074
2016-09-27,184.552948,104.710342,126.620003,16.435073
2016-09-28,185.468948,104.483833,126.220001,16.450891
2016-09-29,183.791016,104.74807,126.07,16.355982
2016-09-30,185.177902,103.811996,125.639999,16.38762
2016-10-03,184.732742,103.469376,125.32,16.371803
2016-10-04,183.791016,102.259285,120.970001,16.30062
2016-10-05,184.604279,101.782822,120.779999,16.229439
2016-10-06,184.732742,101.215614,119.660004,16.197802
2016-10-07,184.099213,101.283615,119.739998,16.21362
2016-10-10,185.058014,100.686165,120.160004,16.229439
2016-10-11,182.720871,100.45932,119.550003,16.055439
2016-10-12,182.960556,100.557602,119.739998,16.110801
2016-10-13,182.361282,100.935699,120.029999,15.96844
2016-10-14,182.455444,99.521515,119.360001,15.992166
2016-10-17,181.821945,100.156776,119.68,15.936804
2016-10-18,182.960556,100.481972,120.419998,16.015894
2016-10-19,183.448578,100.56517,121.110001,16.087074
2016-10-20,183.10611,100.671051,120.739998,16.015894
2016-10-21,183.191727,100.82235,120.830002,15.992166
2016-10-24,183.970779,100.383659,120.559998,16.055439
2016-10-25,183.35437,100.648399,121.470001,16.031711
2016-10-26,182.986267,99.967728,120.790001,15.889346
2016-10-27,182.49823,98.878639,121.010002,15.786529
2016-10-28,181.958908,98.659309,121.580002,15.636259
2016-10-31,181.967453,99.264366,121.940002,15.62044
2016-11-01,180.649063,99.271935,122.730003,15.462258
2016-11-02,179.561737,99.70385,123.639999,15.280348
2016-11-03,178.739914,98.938522,124.300003,15.232893
2016-11-04,178.542999,99.825073,124.389999,15.153803
2016-11-07,182.481155,98.976387,122.150002,15.422713
2016-11-08,183.303055,98.574776,121.639999,15.414803
2016-11-09,185.246384,94.392059,121.559998,15.319894
2016-11-10,185.70871,92.997833,119.75,15.256622
2016-11-11,185.280594,92.474976,117.099998,15.114257
2016-11-14,185.426163,91.921806,116.110001,15.224986
2016-11-15,186.873047,92.376427,117.120003,15.224986
2016-11-16,186.522018,93.209961,116.769997,15.114257
2016-11-17,187.480865,91.838478,116.169998,15.153803
2016-11-18,187.061371,91.57328,115.150002,15.130076
2016-11-21,188.473923,91.80056,115.580002,15.122167
2016-11-22,188.842072,91.770279,115.540001,15.256622
2016-11-23,188.944809,91.414124,113.25,15.343621
2016-11-25,189.646851,91.550514,112.610001,15.501802
2016-11-28,188.756439,92.224922,113.800003,15.454347
2016-11-29,189.124603,92.611328,113.269997,15.375257
2016-11-30,188.670837,91.111046,111.75,15.398986
2016-12-01,187.977371,90.149017,111.540001,15.319894
2016-12-02,188.071503,90.80957,112.139999,15.256622
2016-12-05,189.201614,90.710899,111.540001,15.311985
2016-12-06,189.800949,90.642555,111.43,15.35153
2016-12-07,192.283737,91.41703,111.830002,15.375257
2016-12-08,192.754486,90.338875,111.57,15.458502
2016-12-09,193.918839,89.215149,110.400002,15.583369
2016-12-12,193.696243,89.382133,110.82,15.491799
2016-12-13,194.989014,89.701057,110.449997,15.575043
2016-12-14,193.379486,88.698814,108.830002,15.56672
2016-12-15,194.175674,89.146751,107.339996,15.683262
2016-12-16,193.795898,88.941765,108.050003,15.641641
2016-12-19,194.217819,89.898491,108.589996,15.633317
2016-12-20,194.967102,89.450478,107.790001,15.724886
2016-12-21,194.424561,89.845261,107.849998,15.741534
2016-12-22,194.088699,89.684669,107.589996,15.758183
2016-12-23,194.37291,89.867416,107.93,15.766507
2016-12-27,194.855133,89.578087,108.559998,15.799804
2016-12-28,193.244781,90.23278,108.860001,15.749856
2016-12-29,193.201721,90.55249,110.290001,15.649964
2016-12-30,192.49556,90.689552,109.610001,15.575043
2017-01-03,193.968124,91.077797,110.470001,15.583369
2017-01-04,195.122101,91.428009,110.860001,15.591693
2017-01-05,194.967102,92.859161,112.580002,15.41688
2017-01-06,195.664597,92.006569,111.75,15.483475
2017-01-09,195.018768,92.745003,112.669998,15.475152
2017-01-10,195.018768,92.684067,113.150002,15.441854
2017-01-11,195.569962,92.996223,113.5,15.500124
2017-01-12,195.079056,92.790642,113.910004,15.425205
2017-01-13,195.526825,92.349113,114.209999,15.475152
2017-01-17,194.837921,93.315941,115.849998,15.292014
2017-01-18,195.268494,92.12075,114.870003,15.375257
2017-01-19,194.545151,91.488846,114.769997,15.35861
2017-01-20,195.259903,91.306206,115.050003,15.35861
2017-01-23,194.751785,92.219727,115.790001,15.300337
2017-01-24,196.000473,91.587799,115.269997,15.383581
2017-01-25,197.696976,90.438354,114.32,15.400231
2017-01-26,197.490311,90.742821,113.260002,15.366932
2017-01-27,197.180237,91.070213,113.489998,15.375257
2017-01-30,195.957413,90.796143,113.970001,15.250391
2017-01-31,195.940231,91.428009,115.550003,15.242064
2017-02-01,196.017715,90.862671,115.199997,15.283689
2017-02-02,196.146896,90.824501,115.839996,15.316986
2017-02-03,197.498947,90.786385,116.129997,15.408556
2017-02-06,197.145813,91.335686,117.699997,15.366932
2017-02-07,197.15451,92.007065,117.459999,15.350285
2017-02-08,197.412811,93.258209,118.190002,15.375257
2017-02-09,198.584015,92.182487,117.290001,15.433528
2017-02-10,199.367645,92.129105,117.599998,15.541747
2017-02-13,200.452728,91.839203,116.800003,15.575043
2017-02-14,201.253616,91.175476,116.93,15.69991
2017-02-15,202.304199,90.755867,117.449997,15.766507
2017-02-16,202.132004,91.251785,118.080002,15.716559
2017-02-17,202.450531,91.793411,117.68,15.724886
2017-02-21,203.656204,91.633217,117.75,15.858075
2017-02-22,203.475372,91.785774,117.910004,15.858075
2017-02-23,203.613159,92.060478,118.940002,15.799804
2017-02-24,203.871521,93.082718,119.699997,15.808129
2017-02-27,204.19014,92.533417,119.120003,15.858075
2017-02-28,203.639053,92.876755,119.230003,15.833103
2017-03-01,206.489441,91.320465,119.059998,16.116135
2017-03-02,205.189117,90.991776,117.580002,15.932995
2017-03-03,205.318237,91.22876,117.510002,15.891372
2017-03-06,204.706848,90.793091,116.720001,15.874723
2017-03-07,204.095444,90.517853,115.779999,15.891372
2017-03-08,203.716507,90.028702,115.059998,15.899698
2017-03-09,203.974884,89.310127,114.470001,15.899698
2017-03-10,204.689621,89.62355,114.720001,15.891372
2017-03-13,204.792938,89.057907,114.739998,15.966296
2017-03-14,204.009293,89.48597,114.120003,15.908022
2017-03-15,205.774673,90.579025,116.25,15.957969
2017-03-16,205.369965,90.120453,116.730003,15.932995
2017-03-17,205.009277,90.686035,116.989998,15.916347
2017-03-20,204.784378,91.075874,117.510002,15.916347
2017-03-21,202.155121,91.832611,118.540001,15.69991
2017-03-22,202.630722,92.199501,118.830002,15.774832
2017-03-23,202.41449,92.069595,118.669998,15.758183
2017-03-24,202.267502,92.398239,118.860001,15.774832
2017-03-27,202.059906,92.818649,119.529999,15.691586
2017-03-28,203.530289,92.199501,119.040001,15.833103
2017-03-29,203.720505,92.749847,119.330002,15.849752
2017-03-30,204.369263,92.000801,118.470001,15.883049
2017-03-31,203.893539,92.268295,118.720001,15.824778
2017-04-03,203.538895,93.198975,119.349998,15.816452
2017-04-04,203.66864,92.693413,119.620003,15.816452
2017-04-05,203.063232,92.976837,119.620003,15.774832
2017-04-06,203.634064,92.838974,119.18,15.799804
2017-04-07,203.426468,92.463638,119.459999,15.816452
2017-04-10,203.547485,92.892586,119.459999,15.79148
2017-04-11,203.305405,93.773491,121.190002,15.783155
2017-04-12,202.41449,94.286682,122.019997,15.716559
2017-04-13,201.099915,94.577789,122.599998,15.666613
2017-04-17,202.881607,94.286682,122.239998,15.824778
2017-04-18,202.276169,95.519974,122.82,15.56672
2017-04-19,201.904221,94.9991,121.730003,15.516773
2017-04-20,203.547485,94.631409,121.959999,15.708236
2017-04-21,202.898911,94.631409,122.309998,14.476217
2017-04-24,205.130402,94.164177,121.480003,15.774832
2017-04-25,206.323959,93.030495,120.25,15.774832
2017-04-26,206.194168,93.543671,120.839996,15.849752
2017-04-27,206.367203,93.513054,120.389999,15.908022
2017-04-28,205.917358,93.719856,120.769997,15.883049
2017-05-01,206.436417,92.94075,119.669998,15.899698
2017-05-02,206.514206,93.416656,119.650002,15.949645
2017-05-03,206.263367,93.478119,117.980003,15.957969
2017-05-04,206.505539,93.017532,116.790001,16.107808
2017-05-05,207.318558,93.101913,117.010002,16.066186
2017-05-08,207.283981,92.595337,116.75,16.04954
2017-05-09,207.093689,92.587677,116.050003,16.041214
2017-05-10,207.465607,92.480164,116.040001,16.01624
2017-05-11,207.041794,92.480164,116.5,15.957969
2017-05-12,206.695831,93.178741,116.830002,16.01624
2017-05-15,207.837555,92.925423,117.139999,15.999592
2017-05-16,207.647263,93.270844,117.650002,15.949645
2017-05-17,203.962738,94.629501,119.790001,15.56672
2017-05-18,204.784378,94.736961,118.809998,15.69991
2017-05-19,206.116348,94.959572,119.400002,15.724886
2017-05-22,207.162888,94.698517,119.900002,15.741534
2017-05-23,207.621262,94.061455,119.139999,15.799804
2017-05-24,208.105667,94.591103,119.610001,15.79148
2017-05-25,209.100296,94.621788,119.480003,15.908022
2017-05-26,209.057022,94.783028,120.540001,15.883049
2017-05-30,208.875397,95.251251,120.139999,15.883049
2017-05-31,208.823532,95.48922,120.620003,15.883049
2017-06-01,210.484131,95.499207,120.720001,16.07451
2017-06-02,211.184723,96.629944,121.610001,16.166081
2017-06-05,211.029053,96.029968,121.730003,16.099485
2017-06-06,210.354401,96.553047,123.099998,16.032889
2017-06-07,210.743591,96.091492,122.449997,16.007915
2017-06-08,210.847397,95.837669,121.650002,16.066186
2017-06-09,210.52742,95.691528,120.540001,16.024563
2017-06-12,210.484131,95.660721,120.360001,15.949645
2017-06-13,211.513382,95.676071,120.480003,16.032889
2017-06-14,211.245255,97.153038,119.82,15.991267
2017-06-15,210.83876,96.999184,119.32,15.783155
2017-06-16,210.884842,97.191483,119.339996,15.849752
2017-06-19,212.640488,97.053024,118.43,15.974618
2017-06-20,211.206406,97.922241,118.18,15.949645
2017-06-21,211.154221,98.122215,118.519997,16.041214
2017-06-22,211.05864,98.337631,118.919998,16.04954
2017-06-23,211.310684,98.291481,119.43,16.032889
2017-06-26,211.449722,98.660683,118.360001,16.124459
2017-06-27,209.746246,97.606873,118.809998,15.858075
2017-06-28,211.623596,97.283806,118.900002,15.899698
2017-06-29,209.763641,96.468399,118.32,15.616666
2017-06-30,210.154739,96.245338,118.019997,15.425205
2017-07-03,210.511124,95.935432,116.089996,15.41688
2017-07-05,210.997787,95.958572,116.519997,15.391908
2017-07-06,209.068344,95.164673,116.470001,15.233741
2017-07-07,210.424194,94.594246,115.279999,15.333635
2017-07-10,210.650162,94.732964,115.470001,15.383581
2017-07-11,210.493713,94.89492,115.620003,15.391908
2017-07-12,212.0755,95.550041,116.029999,15.550072
2017-07-13,212.43187,94.948845,115.82,15.591693
2017-07-14,213.422623,95.064453,116.769997,15.658288
2017-07-17,213.396576,95.326538,117.290001,15.633317
2017-07-18,213.509583,96.158997,118.110001,15.641641
2017-07-19,214.665497,96.197533,118.080002,15.69991
2017-07-20,214.761154,96.475037,118.239998,15.749856
2017-07-21,214.569885,96.883598,119.260002,15.708236
2017-07-24,214.517715,96.505882,119.309998,15.749856
2017-07-25,215.039215,95.249466,118.919998,15.808129
2017-07-26,215.047943,95.40361,119.879997,15.841427
2017-07-27,214.848022,94.933411,119.790001,15.766507
2017-07-28,214.596008,95.496094,120.690002,15.783155
2017-07-31,214.474289,95.611801,120.75,15.808129
2017-08-01,214.952362,96.283028,120.650002,15.824778
2017-08-02,215.056671,96.337097,120.400002,15.816452
2017-08-03,214.63942,97.333588,120.589996,15.766507
2017-08-04,215.030548,96.507034,119.650002,15.808129
2017-08-07,215.430328,96.615219,119.510002,15.816452
2017-08-08,214.900208,96.267548,119.860001,15.799804
2017-08-09,214.891434,96.792847,121.309998,15.691586
2017-08-10,211.858231,97.619415,122.209999,15.475152
2017-08-11,212.171127,97.665802,122.790001,15.500124
2017-08-14,214.274368,97.163689,121.919998,15.616666
2017-08-15,214.248322,96.75425,120.980003,15.649964
2017-08-16,214.622055,97.109581,121.870003,15.824778
2017-08-17,211.275925,97.835739,122.489998,15.633317
2017-08-18,210.945679,97.812569,122.300003,15.691586
2017-08-21,211.110779,98.05201,122.760002,15.749856
2017-08-22,213.31839,97.6735,122.209999,15.8664
2017-08-23,212.553589,98.33786,122.669998,15.808129
2017-08-24,212.058121,97.974785,122.290001,15.79148
2017-08-25,212.553589,98.353279,122.739998,15.908022
2017-08-28,212.56221,98.291458,124.690002,15.908022
2017-08-29,212.805557,98.6082,124.419998,15.932995
2017-08-30,213.813751,98.577286,124.360001,15.92467
2017-08-31,215.100098,98.870865,125.82,16.082836
2017-09-01,215.404297,98.114616,126.059998,16.141105
2017-09-05,213.857239,99.670486,127.459999,16.057863
2017-09-06,214.587311,99.05896,126.809998,16.157757
2017-09-07,214.561249,100.073013,128.130005,16.390839
2017-09-08,214.30928,99.856255,127.970001,16.31592
2017-09-11,216.594955,98.664162,126.190002,16.415813
2017-09-12,217.325027,98.145538,126.559998,16.374194
2017-09-13,217.429337,97.75853,125.610001,16.241002
2017-09-14,217.359818,98.161049,126.160004,16.241002
2017-09-15,217.652405,98.19976,125.529999,16.307596
2017-09-18,218.115356,97.634644,124.360001,16.265973
2017-09-19,218.333725,97.394684,124.620003,16.357543
2017-09-20,218.412262,97.464355,123.620003,16.332569
2017-09-21,217.827103,97.410202,122.68,16.282622
2017-09-22,217.870789,97.688828,123.239998,16.265973
2017-09-25,217.425339,98.300369,124.529999,16.18273
2017-09-26,217.55632,98.12233,123.139999,16.157757
2017-09-27,218.403549,96.643837,121.980003,16.082836
2017-09-28,218.665619,96.357414,122.209999,16.132781
2017-09-29,219.434265,96.574173,121.580002,16.141105
2017-10-02,220.386292,96.397308,120.769997,16.157757
2017-10-03,220.857956,96.490395,120.830002,16.216025
2017-10-04,221.11998,96.498131,121.169998,16.216025
2017-10-05,222.430161,96.133598,120.519997,16.207702
2017-10-06,222.176834,95.862144,121.089996,16.157757
2017-10-09,221.809998,96.164627,122.080002,16.18273
2017-10-10,222.395187,96.319786,122.400002,16.282622
2017-10-11,222.744568,96.505936,122.790001,16.332569
2017-10-12,222.412659,96.916977,122.889999,16.31592
2017-10-13,222.683395,97.615082,123.82,16.357543
2017-10-16,222.980392,97.54528,122.970001,16.457437
2017-10-17,223.137634,97.669388,122.129997,16.407488
2017-10-18,223.355942,97.025612,121.669998,16.465761
2017-10-19,223.417114,97.196266,122.389999,16.357543
2017-10-20,224.570023,96.164627,121.610001,16.407488
2017-10-23,223.696594,96.335266,121.800003,16.31592
2017-10-24,224.089645,95.738052,121.330002,16.382516
2017-10-25,222.980392,95.280411,121.349998,16.332569
2017-10-26,223.2686,94.962395,120.330002,16.415813
2017-10-27,225.094101,95.59063,120.900002,16.449112
2017-10-30,224.255615,96.505936,121.129997,16.432463
2017-10-31,224.604935,96.536942,120.669998,16.549004
2017-11-01,224.901993,96.966789,121.110001,16.63225
2017-11-02,224.989288,97.394295,121.190002,16.557329
2017-11-03,225.740479,97.658562,120.620003,16.63225
2017-11-06,226.089859,98.023872,121.650002,16.698845
2017-11-07,225.932663,98.435844,121.209999,16.665548
2017-11-08,226.316925,98.218208,121.629997,16.682196
2017-11-09,225.495941,97.938393,122.129997,16.540681
2017-11-10,225.426041,96.46154,121.129997,16.499059
2017-11-13,225.635574,96.663597,121.309998,16.490733
2017-11-14,225.111603,97.316566,121.559998,16.374194
2017-11-15,223.984848,98.373642,121.410004,16.290949
2017-11-16,225.888916,97.518631,121.400002,16.457437
2017-11-17,225.225143,98.241516,122.860001,16.399165
2017-11-20,225.609421,98.20269,121.309998,16.48241
2017-11-21,227.085556,98.513588,121.510002,16.648897
2017-11-22,226.884705,98.83226,122.629997,16.573978
2017-11-24,227.408752,98.560242,122.32,16.648897
2017-11-27,227.295212,98.420311,122.830002,16.565655
2017-11-28,229.601059,98.552422,122.809998,16.657225
2017-11-29,229.461319,97.580833,122.040001,16.557329
2017-11-30,231.470184,97.254372,121.099998,16.6156
2017-12-01,230.989838,98.566803,121.589996,16.623925
2017-12-04,230.710342,98.613487,121.18,16.557329
2017-12-05,229.880646,99.104187,120.32,16.524032
2017-12-06,229.924225,99.446884,120.07,16.415813
2017-12-07,230.6492,98.668045,118.489998,16.582302
2017-12-08,231.906937,98.675797,118.480003,16.657225
2017-12-11,232.605728,98.473312,118.010002,16.740469
2017-12-12,233.016205,98.434402,118.150002,16.765441
2017-12-13,232.990005,99.174324,119.169998,16.697466
2017-12-14,232.037949,99.594902,118.93,16.636462
2017-12-15,233.970261,99.968727,119.18,16.741039
2017-12-18,235.453888,99.05748,119.730003,16.836903
2017-12-19,234.549637,97.772308,119.82,16.758469
2017-12-20,234.426682,96.68969,120.139999,16.70618
2017-12-21,234.909576,97.253204,120.309998,16.784614
2017-12-22,234.848206,97.385895,120.940002,16.802045
2017-12-26,234.567245,97.674706,121.769997,16.854332
2017-12-27,234.681351,98.946999,122.230003,16.836903
2017-12-28,235.164215,98.861122,122.849998,16.819471
2017-12-29,234.277527,99.017204,123.650002,16.767183
2018-01-02,235.954285,97.947906,125.150002,16.819471
2018-01-03,237.446716,98.416199,124.82,16.958908
2018-01-04,238.447571,98.400604,125.459999,17.14192
2018-01-05,240.036545,98.119621,125.330002,17.229065
2018-01-08,240.475494,98.057167,125.309998,17.298783
2018-01-09,241.019882,96.74588,124.730003,17.298783
2018-01-10,240.651138,96.628769,125.029999,17.237782
2018-01-11,242.406845,97.026901,125.440002,17.333642
2018-01-12,243.987106,97.190804,126.959999,17.612514
2018-01-16,243.153183,97.596642,127.169998,17.62123
2018-01-17,245.470871,97.463966,126.139999,17.760665
2018-01-18,245.058182,96.558601,125.860001,17.80424
2018-01-19,246.173141,96.051262,126.419998,17.926246
2018-01-22,248.174759,96.14489,126.650002,18.06568
2018-01-23,248.701477,96.558601,127.279999,18.100541
2018-01-24,248.604889,96.035614,128.830002,18.178975
2018-01-25,248.710159,96.823898,127.970001,18.048253
2018-01-26,251.589828,96.46489,128.070007,18.187689
2018-01-29,249.921692,95.793648,127.349998,17.969819
2018-01-30,247.358292,95.231682,126.800003,17.751951
2018-01-31,247.481216,95.793648,127.650002,17.847813
2018-02-01,247.200272,94.405289,128.070007,17.978533
2018-02-02,241.81868,93.52935,126.389999,17.612514
2018-02-05,231.705261,94.413185,126.709999,16.950195
2018-02-06,236.270325,93.826614,125.379997,17.133203
2018-02-07,234.988586,92.934891,124.790001,16.915335
2018-02-08,226.174438,92.833244,124.980003,16.653892
2018-02-09,229.571915,92.246597,124.769997,16.653892
2018-02-12,232.943069,92.653328,125.370003,16.741039
2018-02-13,233.522507,93.067863,126.080002,16.758469
2018-02-14,236.674179,92.035385,128.229996,17.115773
2018-02-15,239.694214,92.348305,128.380005,17.211637
2018-02-16,239.764359,92.848854,127.959999,17.133203
2018-02-20,238.263214,92.442177,126.239998,17.046056
2018-02-21,237.078018,91.308037,125.660004,17.037341
2018-02-22,237.385254,91.581779,126.300003,17.028627
2018-02-23,241.169037,92.395226,126.139999,17.072201
2018-02-26,243.969482,92.426514,126.449997,17.14192
2018-02-27,240.923187,92.293533,125.129997,17.046056
2018-02-28,238.482635,92.88015,125.0,16.828186
2018-03-01,235.014999,93.514206,124.720001,16.610318
2018-03-02,236.226456,92.753944,125.389999,16.714897
2018-03-05,238.956726,92.503189,125.18,16.784614
2018-03-06,239.562454,92.589371,126.529999,16.845616
2018-03-07,239.47467,92.48748,125.720001,16.819471
2018-03-08,240.63353,93.020447,125.419998,16.741039
2018-03-09,244.821152,92.409111,125.540001,16.897903
2018-03-12,244.513916,92.94207,125.540001,16.889188
2018-03-13,242.933624,93.4123,125.779999,16.828186
2018-03-14,241.687012,94.235237,125.699997,16.723611
2018-03-15,241.42366,94.235237,124.900002,16.714897
2018-03-16,241.685532,93.898201,124.599998,16.802045
2018-03-19,238.415298,93.600388,124.870003,16.784614
2018-03-20,238.820816,93.224213,124.309998,16.915335
2018-03-21,238.362442,93.326088,126.480003,17.098344
2018-03-22,232.404114,94.250877,125.980003,16.819471
2018-03-23,227.450439,94.180321,127.610001,16.836903
2018-03-26,233.673279,93.819839,128.279999,17.054771
2018-03-27,229.698135,94.823013,127.489998,16.854332
2018-03-28,229.019424,95.073784,125.730003,16.749755
2018-03-29,231.94577,95.536179,125.790001,16.845616
2018-04-02,226.93924,95.724693,127.260002,16.767183
2018-04-03,229.847916,94.986404,126.300003,16.819471
2018-04-04,232.30719,94.790085,126.449997,16.845616
2018-04-05,234.140457,94.083176,125.800003,16.749755
2018-04-06,228.922424,95.112091,126.389999,16.645178
2018-04-09,230.050705,95.269203,126.82,16.671321
2018-04-10,233.708542,95.09639,127.120003,16.854332
2018-04-11,232.483414,95.43409,128.110001,16.880476
2018-04-12,234.396103,94.735062,126.620003,16.958908
2018-04-13,233.708542,94.955002,127.449997,16.958908
2018-04-16,235.630035,94.986404,127.629997,17.046056
2018-04-17,238.15097,95.245567,127.75,17.037341
2018-04-18,238.327164,94.483749,127.849998,17.124488
2018-04-19,237.005066,93.714088,127.599998,17.072201
2018-04-20,234.995392,93.03862,126.629997,17.002484
2018-04-23,234.960205,93.062164,125.620003,16.950195
2018-04-24,231.795929,92.638039,126.230003,16.915335
2018-04-25,232.368759,92.017632,125.410004,16.92405
2018-04-26,234.731033,92.661652,124.970001,16.915335
2018-04-27,234.951355,93.37635,125.5,16.819471
2018-04-30,233.144501,93.541283,124.589996,16.784614
2018-05-01,233.558716,93.204407,123.709999,16.741039
2018-05-02,231.989807,93.102051,123.650002,16.68875
2018-05-03,231.478592,93.519203,124.279999,16.627748
2018-05-04,234.475418,93.660942,124.540001,16.671321
2018-05-07,235.268753,93.511345,124.57,16.671321
2018-05-08,235.268753,93.424789,124.589996,16.732328
2018-05-09,237.542709,92.865936,124.330002,16.863046
2018-05-10,239.763962,93.613663,125.18,16.784614
2018-05-11,240.495468,93.849831,125.0,16.793329
2018-05-14,240.610107,93.353912,124.489998,16.90662
2018-05-15,238.953033,92.291321,122.480003,17.028627
2018-05-16,239.957794,91.937096,122.290001,17.159346
2018-05-17,239.755081,91.472694,122.360001,17.14192
2018-05-18,239.155685,92.259811,122.410004,17.011198
2018-05-21,240.953827,92.30706,122.480003,16.967622
2018-05-22,240.283997,92.165352,122.410004,16.932766
2018-05-23,240.945053,92.834404,122.540001,16.749755
2018-05-24,240.451385,93.574333,123.589996,16.627748
2018-05-25,239.87851,94.156815,123.209999,16.436024
2018-05-29,237.119659,96.219048,123.190002,16.096147
2018-05-30,240.283997,95.573639,123.370003,16.17458
2018-05-31,238.811996,95.416229,123.099998,16.15715
2018-06-01,241.15657,94.912079,122.489998,16.244299
2018-06-04,242.302444,94.225662,122.370003,16.261729
2018-06-05,242.478714,94.446594,122.849998,16.261729
2018-06-06,244.505951,93.681328,122.919998,16.279159
2018-06-07,244.479523,94.588631,122.860001,16.287871
2018-06-08,245.202286,94.304596,123.010002,16.296588
2018-06-11,245.528412,94.130981,123.230003,16.314018
2018-06-12,245.845749,94.154663,122.82,16.340161
2018-06-13,245.06131,94.107338,123.190002,16.348875
2018-06-14,245.678284,94.888397,123.379997,16.427307
2018-06-15,245.364807,94.975197,121.339996,16.3053
2018-06-18,244.860123,94.888397,121.110001,16.340161
2018-06-19,243.921692,95.440666,120.800003,16.235584
2018-06-20,244.337814,94.604362,120.260002,16.296588
2018-06-21,242.806107,95.101418,120.050003,16.209441
2018-06-22,243.248825,95.093521,120.339996,16.270444
2018-06-25,239.937439,95.306572,119.889999,16.148436
2018-06-26,240.468719,95.440666,119.260002,16.235584
2018-06-27,238.476593,96.340118,118.580002,16.287871
2018-06-28,239.840118,96.363747,118.220001,16.314018
2018-06-29,240.185394,96.032433,118.650002,16.279159
2018-07-02,240.698868,95.957306,117.459999,16.401165
2018-07-03,239.848923,96.471306,118.650002,16.287871
2018-07-05,241.805573,96.748024,119.050003,16.3053
2018-07-06,243.85083,97.064316,118.860001,16.261729
2018-07-09,246.046509,96.439636,119.150002,16.383734
2018-07-10,246.931976,96.431732,118.93,16.427307
2018-07-11,245.125748,96.803345,117.639999,16.427307
2018-07-12,247.348068,96.795494,118.129997,16.514458
2018-07-13,247.542831,97.040588,117.610001,16.549315
2018-07-16,247.321533,96.637321,117.550003,16.444738
2018-07-17,248.322067,96.455429,116.279999,16.523171
2018-07-18,248.844376,96.068001,116.309998,16.549315
2018-07-19,247.905777,96.67688,115.809998,16.601603
2018-07-20,247.622559,95.490753,116.559998,16.392448
2018-07-23,248.08287,94.312523,116.0,16.418594
2018-07-24,249.331253,94.636742,116.040001,16.409879
2018-07-25,251.456207,94.486488,116.68,16.383734
2018-07-26,250.862961,94.304642,115.769997,16.5406
2018-07-27,249.163101,94.462761,115.830002,16.444738
2018-07-30,247.861618,94.138565,115.650002,16.348875
2018-07-31,249.08345,94.65255,115.989998,16.287871
2018-08-01,248.667267,93.881393,115.139999,16.296588
2018-08-02,250.021927,94.016167,114.519997,16.444738
2018-08-03,251.093201,94.483727,114.919998,16.383734
2018-08-06,252.014008,94.539215,114.330002,16.479598
2018-08-07,252.846268,94.04789,114.589996,16.479598
2018-08-08,252.740051,94.142944,114.910004,16.444738
2018-08-09,252.394669,94.935501,114.739998,16.470883
2018-08-10,250.703796,95.624962,114.690002,16.523171
2018-08-13,249.765182,95.426865,112.959999,16.497026
2018-08-14,251.358734,95.212845,113.07,16.610318
2018-08-15,249.481857,95.767609,111.190002,16.59289
2018-08-16,251.500458,95.759697,111.099998,16.627748
2018-08-17,252.385895,95.878502,112.129997,16.575459
2018-08-20,252.926025,96.520508,112.690002,16.575459
2018-08-21,253.519165,96.195549,113.019997,16.479598
2018-08-22,253.368622,96.575981,113.269997,16.531885
2018-08-23,253.032242,96.726585,112.199997,16.680035
2018-08-24,254.555099,96.916771,114.160004,16.566745
2018-08-27,256.564941,96.361984,114.589996,16.549315
2018-08-28,256.688812,95.78347,113.68,16.636462
2018-08-29,258.070007,95.910233,114.199997,16.732328
2018-08-30,257.025238,96.116318,113.639999,16.758469
2018-08-31,257.034119,95.894432,113.510002,16.758469
2018-09-04,256.59137,95.339996,112.93,16.775897
2018-09-05,255.900925,95.0858,113.32,16.610318
2018-09-06,255.130539,95.435356,113.540001,16.488311
2018-09-07,254.634781,94.625114,113.230003,16.549315
2018-09-10,255.077362,94.974648,113.150002,16.558029
2018-09-11,255.918533,94.251778,113.220001,16.723611
2018-09-12,255.98056,94.474205,114.169998,16.584175
2018-09-13,257.494476,94.617203,113.760002,16.531885
2018-09-14,257.538849,94.164436,113.019997,16.645178
2018-09-17,256.175262,94.164436,113.610001,16.505741
2018-09-18,257.565399,93.179504,113.440002,16.584175
2018-09-19,257.839874,92.623489,113.879997,16.523171
2018-09-20,259.929321,93.052406,114.269997,16.453452
2018-09-21,259.691864,93.012688,113.489998,16.418594
2018-09-24,258.829163,92.774406,113.470001,16.488311
2018-09-25,258.588898,92.67907,113.650002,16.470883
2018-09-26,257.815216,93.330452,113.050003,16.444738
2018-09-27,258.535675,93.393959,112.050003,16.636462
2018-09-28,258.562256,93.147728,112.760002,16.636462
2018-10-01,259.460602,92.463882,112.57,16.758469
2018-10-02,259.309296,93.029106,113.870003,16.627748
2018-10-03,259.451721,91.413101,113.419998,16.880476
2018-10-04,257.423798,90.768288,113.480003,16.767183
2018-10-05,255.983124,89.988129,113.800003,16.697466
2018-10-08,255.983124,89.685608,112.540001,16.671321
2018-10-09,255.609589,90.593124,112.599998,16.601603
2018-10-10,247.516144,90.346344,112.879997,16.3053
2018-10-11,242.064255,91.444931,115.779999,15.913138
2018-10-12,245.426086,91.126503,115.230003,15.99157
2018-10-15,244.047562,91.086708,116.0,15.886993
2018-10-16,249.383835,91.293671,115.800003,15.930569
2018-10-17,249.428314,90.752335,115.790001,16.035143
2018-10-18,245.826248,90.720482,115.919998,16.113577
2018-10-19,245.692856,90.521454,116.010002,16.104862
2018-10-22,244.590027,90.402084,115.709999,16.131008
2018-10-23,243.345001,90.688652,116.389999,15.965427
2018-10-24,235.971909,91.373283,116.660004,15.852136
2018-10-25,240.205383,90.991165,116.400002,15.99157
2018-10-26,235.980759,91.540443,116.769997,15.860852
2018-10-29,234.67337,91.333496,116.309998,15.87828
2018-10-30,238.150894,90.879692,115.800003,15.939284
2018-10-31,240.69455,90.417992,115.150002,16.009002
2018-11-01,243.255981,90.501816,116.629997,15.7127
2018-11-02,241.815109,89.376572,116.650002,15.677839
2018-11-05,243.149323,89.72773,116.370003,15.756271
2018-11-06,244.687881,89.671844,116.040001,15.764986
2018-11-07,249.926407,89.791542,116.029999,15.747557
2018-11-08,249.472778,89.783546,115.779999,15.817275
2018-11-09,247.035889,90.45388,114.480003,15.834704
2018-11-12,242.419983,91.044411,113.660004,15.869563
2018-11-13,241.966339,90.988586,113.699997,15.73013
2018-11-14,240.312103,91.044411,114.639999,15.686554
2018-11-15,242.82019,91.004517,114.769997,15.564548
2018-11-16,243.451706,91.531227,115.620003,15.416399
2018-11-19,239.333817,91.786568,115.669998,15.398967
2018-11-20,234.904633,91.818489,115.669998,15.425113
2018-11-21,235.705063,91.786568,115.860001,15.364107
2018-11-23,234.130859,91.882355,115.769997,15.416399
2018-11-26,237.910782,91.674881,115.639999,15.459972
2018-11-27,238.711243,91.778587,114.949997,15.512259
2018-11-28,244.207581,91.331673,115.379997,15.442541
2018-11-29,243.673981,91.690826,115.739998,15.425113
2018-11-30,245.159164,92.033913,115.540001,15.468686
2018-12-03,248.405579,92.687447,116.410004,15.34668
2018-12-04,240.356613,94.239128,117.120003,15.381539
2018-12-06,239.991928,94.535088,117.139999,15.34668
2018-12-07,234.415497,94.711105,118.089996,15.294389
2018-12-10,234.860123,95.102982,117.68,15.355396
2018-12-11,234.913544,95.086998,117.540001,15.364107
2018-12-12,236.096451,94.663078,117.790001,15.268247
2018-12-13,236.016418,94.43911,117.529999,15.268247
2018-12-14,231.658371,94.767036,117.059998,15.337966
2018-12-17,227.113617,95.31897,117.870003,15.259532
2018-12-18,226.864655,95.889809,118.150002,15.285675
2018-12-19,223.467117,97.156609,117.43,15.34668
2018-12-20,219.829605,96.803795,119.239998,15.337966
2018-12-21,215.325348,96.787743,118.720001,15.503545
2018-12-24,209.635788,97.268837,120.019997,15.564548
2018-12-26,220.227631,96.226562,119.660004,15.407683
2018-12-27,221.918427,96.242584,120.57,15.459972
2018-12-28,221.632156,97.052361,121.059998,15.416399
2018-12-31,223.573364,97.421165,121.25,15.416399
2019-01-02,223.805984,97.934303,121.330002,15.555834
2019-01-03,218.465332,99.048714,122.43,15.477401
2019-01-04,225.78302,97.902237,121.440002,15.250816
2019-01-07,227.563232,97.613564,121.860001,15.146239
2019-01-08,229.701233,97.357025,121.529999,15.120097
2019-01-09,230.774673,97.204689,122.309998,15.041663
2019-01-10,231.588776,96.5793,121.589996,15.137526
2019-01-11,231.678299,96.956161,121.800003,15.172385
2019-01-14,230.264832,96.595345,122.089996,15.242101
2019-01-15,232.903854,96.242584,121.879997,15.268247
2019-01-16,233.467438,96.338745,122.269997,15.268247
2019-01-17,235.238663,96.362869,122.110001,15.207245
2019-01-18,238.36972,95.857727,121.019997,15.172385
2019-01-22,235.149185,96.507164,121.449997,15.294389
2019-01-23,235.641251,96.467056,121.279999,15.259532
2019-01-24,235.766495,97.100441,121.089996,15.337966
2019-01-25,237.761337,96.63546,122.860001,15.198528
2019-01-28,235.95433,96.53923,123.290001,15.233387
2019-01-29,235.641251,97.028313,123.980003,15.276963
2019-01-30,239.371674,96.956161,124.690002,15.207245
2019-01-31,241.473953,97.789948,124.75,15.198528
2019-02-01,241.590225,97.199326,124.5,15.181099
2019-02-04,243.289871,96.765434,123.959999,15.137526
2019-02-05,244.309723,97.207375,124.279999,15.128811
2019-02-06,243.987732,97.255608,123.440002,15.250816
2019-02-07,241.661789,97.898422,123.739998,15.398967
2019-02-08,241.957047,98.316292,124.209999,15.451254
2019-02-11,242.091187,97.930603,123.599998,15.477401
2019-02-12,245.204346,97.68148,123.860001,15.433826
2019-02-13,246.000519,97.311859,123.370003,15.433826
2019-02-14,245.454819,97.86631,124.059998,15.520973
2019-02-15,248.129517,98.019012,124.800003,15.468686
2019-02-19,248.559036,98.268082,126.699997,15.459972
2019-02-20,249.059952,97.986824,126.480003,15.459972
2019-02-21,248.174301,97.110931,125.050003,15.425113
2019-02-22,249.712906,97.689529,125.5,15.451254
2019-02-25,250.052933,97.40023,125.370003,15.433826
2019-02-26,249.874023,97.882408,125.580002,15.459972
2019-02-27,249.766617,96.773468,124.690002,15.364107
2019-02-28,249.301483,96.443993,123.989998,15.32925
2019-03-01,250.858047,95.552612,121.879997,15.259532
2019-03-04,249.945648,96.301498,121.559998,15.355396
2019-03-05,249.605652,96.502777,121.720001,15.364107
2019-03-06,248.093765,96.857109,121.610001,15.555834
2019-03-07,246.018356,97.485229,121.510002,15.773702
2019-03-08,245.526337,97.895866,122.839996,15.73013
2019-03-11,249.086777,97.606003,122.239998,15.721414
2019-03-12,250.026108,98.290466,122.980003,15.616836
2019-03-13,251.681076,98.105232,123.839996,15.581978
2019-03-14,251.520126,97.396629,122.410004,15.642982
2019-03-15,252.762711,98.040833,122.970001,15.651695
2019-03-18,253.679291,97.984444,123.040001,15.66041
2019-03-19,253.74205,97.767059,123.379997,15.642982
2019-03-20,252.978363,98.789711,124.18,15.686554
2019-03-21,255.835648,99.007156,123.68,15.7127
2019-03-22,250.911758,100.545197,123.970001,15.913138
2019-03-25,250.723099,100.706253,124.919998,15.886993
2019-03-26,252.59201,100.633789,124.300003,15.860852
2019-03-27,251.271133,101.559853,123.650002,15.965427
2019-03-28,252.223618,101.914162,121.900002,15.982856
2019-03-29,253.813995,101.817505,122.010002,15.930569
2019-04-01,256.823914,100.3713,121.529999,15.84342
2019-04-02,256.94986,100.556923,121.980003,15.947995
2019-04-03,257.354126,99.685356,121.800003,15.799845
2019-04-04,258.037018,99.967751,122.110001,15.825991
2019-04-05,259.28598,100.096977,121.980003,15.869563
2019-04-08,259.483582,99.741798,122.510002,15.834704
2019-04-09,258.153839,100.05658,123.150002,15.860852
2019-04-10,259.034332,100.298706,123.529999,15.939284
2019-04-11,258.962433,99.709549,121.949997,15.95671
2019-04-12,260.7146,98.999359,121.830002,15.895709
2019-04-15,260.543945,99.249527,121.599998,15.87828
2019-04-16,260.7146,98.628113,120.510002,15.95671
2019-04-17,260.07666,98.668472,120.279999,16.02643
2019-04-18,260.588776,99.184937,120.370003,16.139722
2019-04-22,260.813385,98.708824,120.370003,16.131008
2019-04-23,263.158569,98.91864,120.120003,16.253013
2019-04-24,262.574524,99.72567,120.470001,16.470883
2019-04-25,262.412842,99.580429,120.57,16.383734
2019-04-26,263.634888,99.919395,121.370003,16.436024
2019-04-29,264.048096,99.281769,120.830002,16.392448
2019-04-30,264.182953,99.790237,121.199997,16.453452
2019-05-01,262.197174,100.201912,120.400002,16.427307
2019-05-02,261.631104,99.724724,119.940002,16.35759
2019-05-03,264.191956,100.007805,120.650002,16.436024
2019-05-06,263.104706,100.282776,120.809998,16.479598
2019-05-07,258.710846,101.051102,121.209999,16.375021
2019-05-08,258.35144,100.614349,120.910004,16.375021
2019-05-09,257.569824,101.026779,121.199997,16.384182
2019-05-10,258.863647,100.889336,121.43,16.386803
2019-05-13,252.358307,101.681847,122.669998,16.266966
2019-05-14,254.64061,101.38266,122.459999,16.359955
2019-05-15,256.132141,102.005348,122.389999,16.564278
2019-05-16,258.504303,101.665703,121.510002,16.742397
2019-05-17,256.832916,101.892143,120.650002,16.79479
2019-05-20,255.134842,101.681847,120.639999,16.686737
2019-05-21,257.435059,101.520096,120.360001,16.705074
2019-05-22,256.644318,102.102417,120.239998,16.715549
2019-05-23,253.50853,103.250809,121.169998,16.623867
2019-05-24,254.083511,103.339745,121.300003,16.658577
2019-05-28,251.720428,104.083786,120.830002,16.762701
2019-05-29,250.031143,104.399178,120.870003,16.695248
2019-05-30,250.714035,105.296883,121.690002,16.729958
2019-05-31,247.335648,106.615112,123.330002,16.59833
2019-06-03,246.70665,107.328247,125.110001,16.540047
2019-06-04,252.061783,106.104591,125.150002,16.567547
2019-06-05,254.245239,105.504898,125.470001,16.630421
2019-06-06,255.898529,105.845253,125.879997,16.607496
2019-06-07,258.45932,106.761009,126.589996,16.735853
2019-06-10,259.645386,105.756104,125.330002,16.651375
2019-06-11,259.582489,105.820953,125.18,16.617321
2019-06-12,259.124268,105.902008,125.830002,16.69001
2019-06-13,260.19342,106.26667,126.599998,16.788895
2019-06-14,259.905945,106.534073,126.559998,16.868134
2019-06-17,260.004761,106.720512,126.480003,16.862896
2019-06-18,262.727234,107.255325,127.120003,16.991251
2019-06-19,263.320343,107.409302,127.889999,17.051498
2019-06-20,265.836121,107.692955,131.110001,17.022028
2019-06-21,265.449768,106.509766,131.979996,16.748293
2019-06-24,265.124695,107.303978,133.940002,16.791517
2019-06-25,262.524384,107.636215,134.199997,16.817713
2019-06-26,262.262451,106.947372,132.970001,16.640238
2019-06-27,263.192474,107.701065,132.839996,16.741865
2019-06-28,264.546814,107.628143,133.199997,16.820543
2019-07-01,266.948517,107.376419,130.619995,16.889385
2019-07-02,267.643707,108.204605,133.410004,17.043465
2019-07-03,269.78363,108.976013,133.630005,17.199503
2019-07-05,269.476532,107.53067,132.139999,17.029694
2019-07-08,267.99588,107.676826,131.289993,16.993631
2019-07-09,268.329987,107.63623,131.75,16.974621
2019-07-10,269.612061,107.043457,133.830002,16.948393
2019-07-11,270.24411,105.614433,132.699997,16.806778
2019-07-12,271.453888,105.736183,133.529999,16.850046
2019-07-15,271.54422,106.345169,133.529999,16.938557
2019-07-16,270.668427,106.028519,132.399994,16.932001
2019-07-17,268.826569,107.173439,134.580002,16.997566
2019-07-18,269.810638,107.181519,136.479996,16.997566
2019-07-19,268.31189,106.929832,134.470001,16.987078
2019-07-22,268.971008,107.13282,134.449997,17.023792
2019-07-23,270.894135,106.54818,133.690002,17.129347
2019-07-24,272.167175,107.010963,134.369995,17.274902
2019-07-25,270.867035,106.499474,133.419998,17.122791
2019-07-26,272.681793,106.751205,133.639999,17.244087
2019-07-29,272.185333,106.783661,134.529999,17.219831
2019-07-30,271.517151,107.043457,134.979996,17.110992
2019-07-31,268.546722,107.904205,133.210007,17.188358
2019-08-01,266.20816,110.047211,136.410004,17.326046
2019-08-02,264.203705,111.064217,135.889999,17.19557
2019-08-05,256.25827,112.984291,137.789993,16.94249
2019-08-06,259.851715,113.887375,138.910004,17.208033
2019-08-07,260.00528,113.928093,141.020004,17.2631
2019-08-08,265.106567,114.172165,141.729996,17.436197
2019-08-09,263.300903,113.944336,141.259995,17.285393
2019-08-12,260.095673,116.320023,142.630005,17.531918
2019-08-13,264.140442,115.921371,141.779999,17.618456
2019-08-14,256.330505,118.533035,142.75,17.868265
2019-08-15,257.00769,119.851051,143.699997,18.177073
2019-08-16,260.799805,118.891022,142.779999,18.125929
2019-08-19,263.941895,117.190613,141.110001,17.97579
2019-08-20,261.919464,118.402847,142.210007,18.056433
2019-08-21,264.050232,117.613693,141.759995,18.026932
2019-08-22,263.968964,116.832581,141.399994,17.929241
2019-08-23,257.188293,118.752716,144.169998,17.981688
2019-08-26,260.03241,118.272675,144.190002,18.082655
2019-08-27,259.012146,120.095154,145.570007,18.32
2019-08-28,260.835968,120.249657,145.160004,18.386879
2019-08-29,264.167542,119.794098,144.119995,18.382286
2019-08-30,264.050232,119.82666,143.75,18.47473
2019-09-03,262.506287,119.981514,145.75,18.561274
2019-09-04,265.48587,120.160866,146.660004,18.597996
2019-09-05,268.898773,117.984627,143.139999,18.240669
2019-09-06,269.106415,118.824158,141.919998,18.325899
2019-09-09,269.241852,116.713219,141.389999,18.007257
2019-09-10,269.178619,114.667496,140.179993,17.749588
2019-09-11,271.092804,114.46373,141.029999,17.824335
2019-09-12,272.03183,113.713928,141.320007,17.68796
2019-09-13,271.851257,111.285088,140.149994,17.345713
2019-09-16,271.011505,112.703178,141.320007,17.590925
2019-09-17,271.697723,113.314507,141.600006,17.609283
2019-09-18,271.860352,113.795326,140.710007,17.710249
2019-09-19,271.842163,114.137718,141.279999,17.72271
2019-09-20,270.55777,115.645477,142.949997,17.910223
2019-09-23,270.494263,115.621048,143.75,17.965954
2019-09-24,268.371796,117.014824,144.509995,18.095116
2019-09-25,269.959106,115.303215,141.830002,18.013815
2019-09-26,269.39679,116.044861,141.789993,18.120029
2019-09-27,267.945374,116.330139,141.059998,18.099012
2019-09-30,269.18811,116.615395,138.869995,18.192274
2019-10-01,265.986176,116.966438,139.630005,18.184397
2019-10-02,261.287689,117.252281,141.259995,18.210665
2019-10-03,263.428314,118.321808,141.899994,18.317055
2019-10-04,266.993073,119.195396,141.899994,18.385361
2019-10-07,265.841095,118.207451,140.690002,18.300634
2019-10-08,261.713989,118.52597,141.919998,18.293417
2019-10-09,264.199371,117.85643,142.050003,18.252039
2019-10-10,265.986176,116.101021,140.809998,18.08128
2019-10-11,268.743713,114.664101,140.029999,17.974888
2019-10-14,268.444305,115.496857,140.589996,18.057638
2019-10-15,271.10202,114.1007,139.610001,17.976198
2019-10-16,270.666565,114.239502,140.410004,17.942703
2019-10-17,271.464783,113.961899,140.610001,17.871775
2019-10-18,270.276672,113.961899,140.460007,17.814636
2019-10-21,272.108887,113.104568,139.789993,17.765375
2019-10-22,271.220032,113.765938,140.199997,17.81332
2019-10-23,272.009216,113.880219,140.529999,17.838278
2019-10-24,272.453552,113.651657,141.529999,17.892132
2019-10-25,273.569183,113.096443,141.860001,17.87834
2019-10-28,275.111176,112.067726,140.639999,17.788364
2019-10-29,275.029541,112.141205,140.25,17.788364
2019-10-30,275.873138,113.78228,141.020004,17.877686
2019-10-31,275.138458,115.317299,142.429993,17.986708
2019-11-01,277.687317,114.962227,142.559998,17.952557
2019-11-04,278.802948,113.449203,142.149994,17.932854
2019-11-05,278.494598,112.173241,139.850006,17.880316
2019-11-06,278.558014,112.852135,140.449997,17.939425
2019-11-07,279.537689,110.807358,138.270004,17.815948
2019-11-08,280.227112,110.341232,137.389999,17.804787
2019-11-11,279.691803,110.414772,137.059998,17.798214
2019-11-12,280.281494,110.921921,137.429993,17.857328
2019-11-13,280.372131,111.641685,137.979996,17.884254
2019-11-14,280.780304,112.794876,138.559998,17.90987
2019-11-15,282.812195,112.672211,138.210007,17.903299
2019-11-18,283.02066,112.876663,138.619995,17.90987
2019-11-19,282.939087,113.81723,138.690002,17.942703
2019-11-20,281.886932,114.995003,138.759995,17.965691
2019-11-21,281.43338,114.275246,138.0,17.932196
2019-11-22,282.059357,114.422462,137.740005,18.005753
2019-11-25,284.2453,114.757828,137.080002,18.123314
2019-11-26,284.889343,115.428444,137.740005,18.162718
2019-11-27,286.15918,115.093102,137.009995,18.185705
2019-11-29,285.097931,114.847763,137.860001,18.117401
2019-12-02,282.676086,113.31649,137.789993,17.860609
2019-12-03,280.780304,115.692497,139.110001,17.953869
2019-12-04,282.512817,114.537247,138.919998,17.972258
2019-12-05,283.02066,113.980118,139.0,17.893452
2019-12-06,285.605896,113.349319,137.619995,17.991961
2019-12-09,284.707916,113.595062,137.580002,17.968979
2019-12-10,284.390411,113.603294,137.970001,17.886881
2019-12-11,285.197693,114.4963,138.919998,17.942047
2019-12-12,287.655823,112.611923,138.429993,17.942047
2019-12-13,287.828186,113.914597,139.050003,18.115437
2019-12-16,289.805573,112.890472,139.039993,18.129881
2019-12-17,289.869141,112.73481,139.009995,18.096388
2019-12-18,289.887238,111.809006,139.020004,18.06749
2019-12-19,291.07547,111.987907,139.380005,18.097038
2019-12-20,292.351593,112.135559,139.520004,18.217886
2019-12-23,292.79834,111.971451,139.949997,18.205406
2019-12-24,292.807434,112.291496,141.270004,18.222486
2019-12-26,294.366089,112.562279,142.380005,18.305893
2019-12-27,294.293091,112.685448,142.330002,18.276552
2019-12-30,292.670685,112.27507,142.630005,18.110548
2019-12-31,293.381531,111.175468,142.899994,18.121996
2020-01-02,296.125275,112.431015,143.949997,18.360994
2020-01-03,293.882996,114.162483,145.860001,18.320921
2020-01-06,295.004181,113.514214,147.389999,18.35741
2020-01-07,294.174622,112.956215,147.970001,18.328791
2020-01-08,295.742401,112.209496,146.860001,18.334515
2020-01-09,297.747833,112.603371,146.029999,18.401775
2020-01-10,296.890961,113.604523,146.910004,18.400347
2020-01-13,298.932739,113.25985,145.820007,18.464745
2020-01-14,298.477081,113.842422,145.690002,18.471186
2020-01-15,299.151489,114.597427,146.539993,18.50124
2020-01-16,301.640015,114.236336,146.309998,18.602129
2020-01-17,302.578827,113.25985,146.580002,18.678698
2020-01-21,301.986328,114.449669,146.740005,18.622881
2020-01-22,302.022797,114.851799,146.789993,18.651501
2020-01-23,302.369202,115.656021,147.119995,18.700878
2020-01-24,299.680237,116.591515,147.979996,18.605707
2020-01-27,294.876526,118.405045,148.990005,18.367432
2020-01-28,297.966644,117.477783,147.660004,18.447571
2020-01-29,297.72052,118.62664,148.460007,18.55991
2020-01-30,298.686646,118.643013,148.470001,18.536301
2020-01-31,293.263062,119.726166,149.330002,18.303747
2020-02-03,295.44165,119.62915,148.360001,18.393906
2020-02-04,299.94455,118.018158,146.429993,18.461885
2020-02-05,303.408356,116.727676,146.610001,18.500525
2020-02-06,304.429291,117.253754,147.399994,18.607855
2020-02-07,302.806732,118.71682,147.789993,18.643633
2020-02-10,305.067322,119.045563,148.169998,18.81966
2020-02-11,305.596008,118.445557,147.660004,18.826815
2020-02-12,307.564789,117.845551,147.539993,18.890495
2020-02-13,307.236694,118.297592,148.380005,18.861158
2020-02-14,307.728912,118.815445,149.0,18.929852
2020-02-18,306.936035,119.62915,150.910004,19.015718
2020-02-19,308.403534,119.620972,151.789993,19.15167
2020-02-20,307.136475,120.558029,152.410004,19.18602
2020-02-21,303.973511,121.684143,154.699997,19.169565
2020-02-24,293.892151,123.500656,156.089996,18.844704
2020-02-25,284.986542,124.158157,153.300003,18.504818
2020-02-26,283.938232,123.500656,153.970001,18.494081
2020-02-27,271.186127,124.840462,154.0,18.012514
2020-02-28,270.046722,127.659813,148.380005,17.916636
2020-03-02,281.741516,126.720589,149.199997,18.282999
2020-03-03,273.674591,128.687988,153.889999,18.410362
2020-03-04,285.177979,127.321457,154.160004,18.670824
2020-03-05,275.698151,130.490707,157.490005,18.588535
2020-03-06,271.140533,137.281967,157.550003,18.750963
2020-03-09,249.965988,141.002777,157.809998,18.184963
2020-03-10,262.90033,133.775223,154.479996,18.365999
2020-03-11,250.084412,128.852615,153.929993,18.086935
2020-03-12,226.157074,129.651169,147.789993,17.380692
2020-03-13,245.490417,126.720589,143.279999,17.849371
2020-03-16,218.627899,134.927704,141.639999,17.802864
2020-03-17,230.432129,125.930336,143.559998,17.394999
2020-03-18,218.764648,118.826256,140.699997,17.185339
2020-03-19,219.229523,122.061394,138.039993,17.417181
2020-03-20,209.781998,131.239899,140.110001,17.680504
2020-03-23,204.418274,136.648209,146.300003,17.887297
2020-03-24,222.939224,134.104507,153.399994,18.114128
2020-03-25,226.276657,133.799927,151.300003,17.998209
2020-03-26,239.488892,134.458511,153.240005,18.090511
2020-03-27,232.355545,138.047516,152.25,18.156385
2020-03-30,239.90152,136.911606,152.919998,18.258064
2020-03-31,236.325653,135.800278,148.050003,18.149942
2020-04-01,225.689865,137.702927,149.449997,18.171423
2020-04-02,230.897705,138.576813,151.899994,18.193621
2020-04-03,227.560287,138.906509,152.649994,18.081921
2020-04-06,242.84465,138.543701,156.880005,18.319639
2020-04-07,243.092255,137.092911,156.039993,18.189323
2020-04-08,251.252426,136.095367,154.649994,18.174288
2020-04-09,255.075867,136.342728,158.690002,18.250904
2020-04-13,252.747009,135.097855,161.410004,18.257347
2020-04-14,260.201172,135.064926,162.679993,18.316063
2020-04-15,254.67247,138.642761,161.850006,18.382656
2020-04-16,255.900986,140.217239,161.710007,18.441368
2020-04-17,262.81424,138.337646,158.570007,18.41201
2020-04-20,258.18399,139.450577,159.699997,18.507959
2020-04-21,250.344757,141.206528,158.610001,18.576698
2020-04-22,255.900986,139.763824,161.729996,18.671211
2020-04-23,255.882645,140.505722,163.339996,18.671211
2020-04-24,259.449341,140.835541,162.639999,18.7421
2020-04-27,263.190247,138.21405,161.559998,18.720619
2020-04-28,261.979889,139.80513,160.839996,18.777903
2020-04-29,268.838165,139.079651,161.729996,18.717041
2020-04-30,266.335175,137.455597,158.800003,18.552353
2020-05-01,259.284302,138.63269,159.779999,18.491491
2020-05-04,259.999512,137.98056,160.339996,18.491491
2020-05-05,262.401672,137.097351,161.020004,18.468573
2020-05-06,260.622955,134.885193,158.949997,18.409143
2020-05-07,263.767853,137.138641,161.389999,18.409143
2020-05-08,268.132172,135.355728,160.419998,18.409143
2020-05-11,268.187225,134.299149,159.419998,18.419888
2020-05-12,262.841827,135.677643,160.039993,18.416302
2020-05-13,258.193207,136.626846,161.580002,18.50223
2020-05-14,261.283051,137.964111,163.009995,18.49507
2020-05-15,262.484222,137.609146,163.929993,18.491491
2020-05-18,270.479492,134.587997,162.690002,18.173571
2020-05-19,267.701233,135.091553,164.259995,18.160685
2020-05-20,272.248962,135.495987,164.649994,18.079773
2020-05-21,270.369385,135.834457,162.25,18.133474
2020-05-22,270.882935,136.651581,163.210007,18.2015
2020-05-26,274.220245,134.819168,160.889999,17.979528
2020-05-27,278.300385,134.571518,161.179993,18.063299
2020-05-28,277.786926,134.076324,161.720001,17.947306
2020-05-29,279.02478,135.033752,162.910004,17.979528
2020-06-01,280.152496,134.124649,163.660004,17.907925
2020-06-02,282.472168,133.637039,162.600006,17.779041
2020-06-03,286.231415,131.860016,159.600006,17.562796
2020-06-04,285.479553,129.950714,161.279999,17.492626
2020-06-05,292.796234,129.025055,158.009995,17.492626
2020-06-08,296.335388,129.521057,159.720001,17.592875
2020-06-09,294.125763,130.992188,161.259995,17.578552
2020-06-10,292.484528,132.934448,163.570007,17.621513
2020-06-11,275.623077,135.446976,162.389999,17.571392
2020-06-12,278.923859,134.141129,162.619995,17.592875
2020-06-15,281.52774,134.215485,162.330002,17.592875
2020-06-16,286.946503,132.157547,162.25,17.557068
2020-06-17,285.754608,132.703033,162.559998,17.486185
2020-06-18,285.864624,134.108047,162.240005,17.428185
2020-06-19,284.231018,134.215485,164.029999,17.52342
2020-06-22,286.054413,134.232147,165.089996,17.578552
2020-06-23,287.371155,133.314697,166.479996,17.535591
2020-06-24,280.040802,134.744446,165.899994,17.473295
2020-06-25,283.042999,135.132919,165.800003,17.524849
2020-06-26,276.320312,136.57933,166.539993,17.549911
2020-06-29,280.38147,136.149521,166.630005,17.564945
2020-06-30,283.973114,135.488297,167.369995,17.642996
2020-07-01,285.96225,135.225235,166.619995,17.529148
2020-07-02,287.536987,135.365875,166.979996,17.539169
2020-07-06,291.97583,134.811462,167.979996,17.656597
2020-07-07,288.964478,136.706345,169.039993,17.716745
2020-07-08,291.174561,136.160278,170.089996,17.746819
2020-07-09,289.516998,138.328217,169.630005,17.811258
2020-07-10,292.473145,137.63324,169.190002,17.779041
2020-07-13,289.940582,138.088287,169.399994,17.714594
2020-07-14,293.697906,138.28685,170.190002,17.746819
2020-07-15,296.39621,137.641449,170.339996,17.822002
2020-07-16,295.420013,138.295166,168.729996,17.753977
2020-07-17,296.276459,138.005432,170.119995,17.761137
2020-07-20,298.670929,138.344742,170.940002,17.805532
2020-07-21,299.306274,138.427536,173.0,17.938711
2020-07-22,301.009949,138.841278,175.630005,17.997427
2020-07-23,297.418457,140.463104,177.179993,18.061155
2020-07-24,295.50293,140.454834,178.699997,18.069033
2020-07-27,297.657837,139.933472,182.229996,18.162115
2020-07-28,295.77002,140.901642,183.75,18.205078
2020-07-29,299.407715,140.661789,185.130005,18.255915
2020-07-30,298.339386,141.588486,183.759995,18.263075
2020-07-31,300.696869,141.497452,185.429993,18.271666
2020-08-03,302.787354,140.784973,185.639999,18.37406
2020-08-04,303.95697,142.126968,189.589996,18.558796
2020-08-05,305.844757,140.88443,191.350006,18.584574
2020-08-06,307.889191,141.671341,193.889999,18.584574
2020-08-07,308.110291,140.727051,190.809998,18.387665
2020-08-10,309.031189,140.097473,190.149994,18.355444
2020-08-11,306.480194,138.432358,179.940002,18.019627
2020-08-12,310.753265,137.173172,179.100006,17.983826
2020-08-13,310.191498,135.70697,183.330002,17.955898
2020-08-14,310.200775,135.176773,182.539993,17.943727
2020-08-17,311.186066,135.516403,186.5,18.079773
2020-08-18,311.858337,136.485626,188.179993,18.192909
2020-08-19,310.559906,135.632462,182.240005,17.97237
2020-08-20,311.526764,136.858444,183.5,18.03824
2020-08-21,312.631958,137.678513,182.029999,18.03323
2020-08-24,315.799866,137.45488,181.0,18.05328
2020-08-25,316.904999,136.402863,181.220001,18.04397
2020-08-26,320.082184,135.880981,183.360001,18.108416
2020-08-27,320.782013,133.569702,181.240005,17.990982
2020-08-28,322.854004,133.470322,184.389999,18.112711
2020-08-31,321.684479,134.356689,184.830002,18.154957
2020-09-01,324.714355,135.893478,185.050003,18.21582
2020-09-02,329.411011,137.187164,182.619995,18.312481
2020-09-03,318.074524,137.577042,181.139999,18.183598
2020-09-04,315.477509,134.964615,181.639999,18.03108
2020-09-08,306.857788,135.79393,181.289993,17.965206
2020-09-09,312.917389,135.429047,183.050003,18.022491
2020-09-10,307.484009,136.117416,182.460007,17.990982
2020-09-11,307.640625,136.407608,182.449997,17.997427
2020-09-14,311.692627,136.399292,183.889999,18.130608
2020-09-15,313.267395,136.067596,183.449997,18.079773
2020-09-16,312.024139,135.66124,183.970001,17.911507
2020-09-17,309.279724,136.075882,182.960007,17.85494
2020-09-18,305.719208,135.652954,183.199997,17.8263
2020-09-21,302.316589,136.341263,179.520004,17.663759
2020-09-22,305.395538,136.23349,178.649994,17.637264
2020-09-23,298.313141,136.415878,174.789993,17.479023
2020-09-24,299.108337,136.938492,175.440002,17.426037
2020-09-25,303.943909,136.938492,174.940002,17.413149
2020-09-28,308.99231,136.548553,176.699997,17.657312
2020-09-29,307.309448,136.706146,178.190002,17.68309
2020-09-30,309.639526,135.395874,177.119995,17.609341
2020-10-01,311.627319,135.619202,178.699997,17.712448
2020-10-02,308.668701,135.112717,178.539993,17.714594
2020-10-05,314.142303,132.472809,179.410004,17.647289
2020-10-06,309.676422,133.186707,177.300003,17.56065
2020-10-07,315.066864,132.215424,177.220001,17.563513
2020-10-08,317.859131,132.929382,177.850006,17.564228
2020-10-09,320.697662,132.904404,181.080002,17.730347
2020-10-12,325.856934,133.327942,180.559998,17.850643
2020-10-13,323.730438,134.282578,177.720001,17.767584
2020-10-14,321.696259,134.589798,178.270004,17.667339
2020-10-15,321.298706,134.357239,178.919998,17.564945
2020-10-16,321.104584,133.983688,178.300003,17.678799
2020-10-19,316.222656,133.477325,178.389999,17.542034
2020-10-20,317.489288,132.207108,179.25,17.617931
2020-10-21,316.888336,131.750565,180.600006,17.789068
2020-10-22,318.626526,130.380737,178.830002,17.786198
2020-10-23,319.708344,131.177734,178.639999,17.852793
2020-10-26,313.800201,132.398026,178.550003,17.714594
2020-10-27,312.718384,133.286377,179.020004,17.706007
2020-10-28,302.030029,133.410828,176.130005,17.650867
2020-10-29,305.099701,132.115814,175.399994,17.677364
2020-10-30,301.919037,130.812408,176.199997,17.607904
2020-11-02,305.303101,131.792267,177.910004,17.610771
2020-11-03,310.693542,131.027679,178.919998,17.649437
2020-11-04,317.637268,133.869904,178.820007,17.600033
2020-11-05,323.832062,134.102646,182.929993,17.874987
2020-11-06,323.758148,132.48201,183.190002,18.021772
2020-11-09,327.826294,129.697906,175.080002,17.722471
2020-11-10,327.345581,128.949982,175.660004,17.658028
2020-11-11,329.777344,129.415359,174.899994,17.647289
2020-11-12,326.578156,131.617706,175.960007,17.653734
2020-11-13,331.099457,131.443207,177.160004,17.841333
2020-11-16,335.232513,131.127411,177.149994,17.847782
2020-11-17,333.429352,131.983429,176.5,17.907925
2020-11-18,329.416687,132.365707,175.490005,17.893604
2020-11-19,330.803589,133.047058,175.160004,17.886444
2020-11-20,328.5383,134.227325,175.690002,17.890024
2020-11-23,330.507751,133.612305,172.229996,17.798374
2020-11-24,335.833435,132.282608,169.589996,17.900049
2020-11-25,335.315613,131.87529,169.509995,17.854223
2020-11-27,336.249451,133.155212,167.789993,17.980244
2020-11-30,334.760864,132.988983,166.669998,17.736076
2020-12-01,338.422333,131.028168,170.179993,17.951601
2020-12-02,339.134216,129.988251,171.460007,17.915081
2020-12-03,339.041687,131.036407,172.809998,18.033947
2020-12-04,341.963531,129.114716,172.320007,18.054714
2020-12-07,341.260773,130.279373,174.889999,18.017475
2020-12-08,342.259399,130.894989,175.5,18.00602
2020-12-09,339.189758,130.462448,172.5,17.961626
2020-12-10,339.078796,131.618774,172.169998,18.142782
2020-12-11,338.681213,132.084671,172.490005,18.036095
2020-12-14,337.164795,131.718643,171.539993,18.027502
2020-12-15,341.723175,131.27771,173.940002,18.229424
2020-12-16,342.259399,130.928375,174.899994,18.328953
2020-12-17,344.17334,130.581879,176.740005,18.456404
2020-12-18,342.799042,130.190491,176.440002,18.407715
2020-12-21,341.573425,130.706772,175.880005,18.199348
2020-12-22,340.997681,131.381348,174.490005,18.034662
2020-12-23,341.304138,130.473648,175.649994,18.207943
2020-12-24,342.631927,130.989929,176.350006,18.1392
2020-12-28,345.575409,131.048248,175.710007,18.194334
2020-12-29,344.916138,130.881622,176.350006,18.337967
2020-12-30,345.408264,131.164871,177.699997,18.535013
2020-12-31,347.163177,131.356323,178.360001,18.448402
2021-01-04,342.436951,131.198166,182.330002,18.476545
2021-01-05,344.795441,130.22374,182.869995,18.944254
2021-01-06,346.856781,127.550583,179.899994,18.820112
2021-01-07,352.010223,126.426308,179.479996,18.752987
2021-01-08,354.015808,126.018127,173.339996,18.949308
2021-01-11,351.629456,125.809998,173.0,18.679363
2021-01-12,351.703766,125.71003,174.119995,18.842485
2021-01-13,352.650879,127.125778,173.369995,18.771751
2021-01-14,351.416016,125.934906,173.279999,18.903114
2021-01-15,348.853088,126.434608,171.130005,18.560272
2021-01-19,351.592316,126.842621,172.580002,18.789793
2021-01-20,356.457916,126.967522,175.389999,19.045301
2021-01-21,356.782898,126.07653,175.279999,19.092941
2021-01-22,355.520081,126.484558,173.899994,18.919714
2021-01-25,356.922241,127.975235,174.050003,18.958691
2021-01-26,356.365082,127.733719,173.619995,18.859806
2021-01-27,347.655273,128.058487,172.520004,18.592752
2021-01-28,350.645294,127.350647,172.679993,18.701021
2021-01-29,343.625458,126.584511,172.610001,18.42675
2021-02-01,349.345337,126.73127,174.229996,18.641836
2021-02-02,354.285095,125.914154,172.110001,18.761646
2021-02-03,354.563721,124.796913,171.850006,18.916826
2021-02-04,358.593597,124.463364,168.149994,18.891567
2021-02-05,360.004883,123.421158,169.809998,19.097271
2021-02-08,362.604858,123.963043,171.520004,19.195431
2021-02-09,362.363434,124.054817,172.080002,19.326792
2021-02-10,362.205536,124.88028,172.710007,19.328234
2021-02-11,362.790588,124.196571,171.210007,19.401133
2021-02-12,364.582733,122.654152,170.690002,19.60684
2021-02-16,364.266876,120.786514,168.240005,19.740366
2021-02-17,364.350525,121.553543,166.330002,19.660252
2021-02-18,362.799805,121.061638,166.320007,19.53105
2021-02-19,362.159149,119.45253,167.009995,19.646536
2021-02-22,359.373505,118.543678,169.509995,19.740366
2021-02-23,359.809967,118.201897,169.119995,19.807489
2021-02-24,363.77475,117.426468,169.0,19.915031
2021-02-25,355.00943,115.508812,165.820007,19.863066
2021-02-26,353.180054,119.327454,161.809998,19.245234
2021-03-01,361.741272,117.751404,161.529999,19.490633
2021-03-02,358.91861,117.759743,162.410004,19.393919
2021-03-03,354.164429,116.482567,160.619995,19.527445
2021-03-04,349.781738,115.731285,159.039993,19.592403
2021-03-05,356.216553,115.956688,159.139999,19.783672
2021-03-08,354.442902,115.055107,157.490005,19.562086
2021-03-09,359.503571,116.649536,160.839996,19.629211
2021-03-10,361.741272,116.883286,161.660004,19.695616
2021-03-11,365.409119,116.040154,161.520004,20.030514
2021-03-12,365.901154,113.577614,161.490005,20.132284
2021-03-15,368.083313,114.245399,162.199997,20.088259
2021-03-16,367.618896,113.786263,162.350006,20.078154
2021-03-17,368.872528,112.934837,163.509995,20.23189
2021-03-18,363.505524,111.791222,162.559998,19.835638
2021-03-19,362.832947,112.484085,163.240005,19.951122
2021-03-22,365.730194,113.74456,163.0,19.876778
2021-03-23,362.851593,114.771317,161.809998,19.450937
2021-03-24,361.00705,115.389023,162.369995,19.416292
2021-03-25,363.037964,114.479149,161.779999,19.4697
2021-03-26,368.888214,114.078445,162.240005,19.774288
2021-03-29,368.701904,113.1101,160.309998,19.827698
2021-03-30,367.723785,113.702835,157.570007,19.684067
2021-03-31,369.214264,113.068352,159.960007,19.806768
2021-04-01,373.201477,114.945023,161.979996,19.8342
2021-04-05,378.558044,114.443459,161.919998,20.014639
2021-04-06,378.334442,115.220856,163.220001,19.956896
2021-04-07,378.772278,114.418381,162.759995,19.935963
2021-04-08,380.570282,115.362907,164.509995,19.950401
2021-04-09,383.337097,114.945023,163.270004,20.000925
2021-04-12,383.476837,114.894844,162.279999,19.995152
2021-04-13,384.613312,115.755844,163.429993,20.007418
2021-04-14,383.299805,115.388039,162.720001,20.106304
2021-04-15,387.417389,117.31897,165.350006,20.086094
2021-04-16,388.712372,116.407829,166.350006,20.195076
2021-04-19,386.802582,116.073486,165.889999,20.473682
2021-04-20,383.970551,116.608467,166.479996,19.972776
2021-04-21,387.603821,116.842461,168.130005,20.060829
2021-04-22,384.063721,117.352417,167.039993,19.958338
2021-04-23,388.227844,117.076523,166.399994,20.225395
2021-04-26,389.038452,116.909409,166.839996,20.179922
2021-04-27,388.954468,115.88958,166.419998,20.310562
2021-04-28,388.842651,115.964806,166.910004,20.315613
2021-04-29,391.320679,115.622131,166.220001,20.434706
2021-04-30,388.749512,115.88958,165.660004,20.251375
2021-05-03,389.588043,115.959023,167.809998,20.341597
2021-05-04,387.184509,116.745964,166.580002,20.184973
2021-05-05,387.305634,116.938446,167.270004,20.411612
2021-05-06,390.398438,117.131035,170.059998,20.332218
2021-05-07,393.239807,116.553398,171.589996,20.613705
2021-05-10,389.345764,115.37307,172.110001,20.592051
2021-05-11,385.871002,114.720123,172.139999,20.408722
2021-05-12,377.673065,113.514641,170.429993,20.115681
2021-05-13,382.209839,113.690392,171.130005,20.130117
2021-05-14,388.078796,114.753616,172.690002,20.62092
2021-05-17,387.091278,114.510834,174.699997,20.649794
2021-05-18,383.756317,114.217865,175.039993,20.628141
2021-05-19,382.750183,113.941544,175.160004,20.312729
2021-05-20,386.867767,114.879166,175.960007,20.404392
2021-05-21,386.551056,115.247482,176.039993,20.459248
2021-05-24,390.491669,115.674423,176.350006,20.662062
2021-05-25,389.625244,116.745964,177.949997,20.683714
2021-05-26,390.398438,116.545074,177.639999,20.685881
2021-05-27,390.603455,116.076233,177.710007,20.844669
2021-05-28,391.302094,115.89212,178.380005,20.836731
2021-06-01,390.957428,115.866081,177.899994,20.625256
2021-06-02,391.572296,116.134392,178.770004,20.797758
2021-06-03,390.118958,115.698441,175.270004,20.710423
2021-06-04,393.686981,117.282883,177.160004,20.830238
2021-06-07,393.304993,116.922409,177.869995,20.779711
2021-06-08,393.388855,117.743996,177.320007,20.81941
2021-06-09,392.801941,118.783463,176.979996,20.982529
2021-06-10,394.627838,119.496033,177.740005,20.911793
2021-06-11,395.280029,119.303238,175.740005,20.864882
2021-06-14,396.164978,118.389488,174.710007,20.85911
2021-06-15,395.438385,118.247009,174.050003,21.01573
2021-06-16,393.230438,118.146378,171.110001,20.732079
2021-06-17,393.100067,119.915237,165.850006,20.449863
2021-06-18,387.796967,122.170364,164.929993,20.284578
2021-06-21,393.348694,120.124763,166.949997,20.505442
2021-06-22,395.451538,120.418228,166.25,20.58844
2021-06-23,394.974945,120.10807,166.139999,20.548748
2021-06-24,397.311554,120.30088,166.039993,20.725578
2021-06-25,398.722839,119.05172,166.589996,20.6931
2021-06-28,399.526642,120.275772,166.580002,20.553078
2021-06-29,399.741516,120.476952,164.830002,20.563902
2021-06-30,400.078003,121.013474,165.630005,20.565346
2021-07-01,402.29306,121.020195,166.199997,20.718365
2021-07-02,405.368103,121.750519,167.289993,20.877151
2021-07-06,404.629669,123.17749,168.119995,20.64691
2021-07-07,406.059631,124.268791,168.759995,20.591328
2021-07-08,402.751068,124.755653,168.649994,20.426769
2021-07-09,407.050476,123.001221,169.210007,20.610096
2021-07-12,408.508331,122.841713,169.0,20.750841
2021-07-13,407.115753,121.901566,169.220001,20.64402
2021-07-14,407.723297,123.286606,171.039993,20.670725
2021-07-15,406.330688,124.646507,171.070007,20.551634
2021-07-16,403.143646,124.411453,169.410004,20.512657
2021-07-19,397.190033,127.139603,169.610001,19.956896
2021-07-20,402.881927,125.914055,169.389999,20.133005
2021-07-21,406.143799,124.319115,168.759995,20.494612
2021-07-22,406.994324,125.494331,169.089996,20.584833
2021-07-23,411.181458,124.654915,168.559998,20.696709
2021-07-26,412.190857,124.28553,168.160004,20.714754
2021-07-27,410.312286,125.611816,168.440002,20.581226
2021-07-28,410.143982,125.620209,169.289993,20.682276
2021-07-29,411.845001,124.923538,171.169998,20.703926
2021-07-30,409.84494,125.511055,169.820007,20.717642
2021-08-02,408.985016,126.630592,169.610001,20.685881
2021-08-03,412.312256,126.697861,169.490005,20.678665
2021-08-04,410.28421,126.958366,169.529999,20.444809
2021-08-05,412.882477,126.311241,168.860001,20.506161
2021-08-06,413.564758,124.201668,164.639999,20.323555
2021-08-09,413.22818,123.756233,161.720001,20.036293
2021-08-10,413.742279,123.184776,161.770004,20.177759
2021-08-11,414.770416,123.109161,164.0,20.177038
2021-08-12,416.013489,122.907402,164.039993,20.244881
2021-08-13,416.770599,124.848892,166.389999,20.268698
2021-08-16,417.751862,125.151405,167.220001,20.408722
2021-08-17,415.013458,125.101013,166.970001,20.136618
2021-08-18,410.47113,125.521217,167.100006,19.860903
2021-08-19,411.106628,126.445679,166.610001,19.974941
2021-08-20,414.377838,126.529762,166.699997,20.078878
2021-08-23,418.022919,126.445679,168.729996,20.287464
2021-08-24,418.686584,125.462364,168.649994,20.238386
2021-08-25,419.565186,124.420258,167.479996,20.293964
2021-08-26,417.088287,124.764786,167.669998,20.213123
2021-08-27,420.817505,125.613678,170.190002,20.332218
2021-08-30,422.668152,125.941414,169.350006,20.361086
2021-08-31,422.04187,125.084137,169.690002,20.169819
2021-09-01,422.266235,125.293724,169.699997,20.654121
2021-09-02,423.565338,125.840675,169.25,20.347374
2021-09-03,423.462524,124.696198,171.059998,20.418829
2021-09-07,421.948334,123.644295,167.710007,20.4412
2021-09-08,421.434326,124.48587,167.289993,20.375523
2021-09-09,419.630554,125.992172,168.029999,20.443365
2021-09-10,416.32193,124.881348,167.179993,20.139503
2021-09-13,417.38739,125.638695,167.740005,20.291073
2021-09-14,415.134918,127.161865,168.820007,20.271585
2021-09-15,418.602417,126.715889,167.830002,20.395012
2021-09-16,417.938904,126.135216,164.029999,20.473682
2021-09-17,413.867676,125.529327,163.770004,20.182089
2021-09-20,406.966705,127.086159,164.940002,20.034124
2021-09-21,406.582336,126.976707,166.039993,20.003809
2021-09-22,410.548523,127.734085,165.419998,20.176315
2021-09-23,415.536652,124.847687,163.509995,20.202293
2021-09-24,416.221161,123.627464,163.300003,20.204464
2021-09-27,415.030396,123.173058,163.639999,20.105585
2021-09-28,406.666779,121.254379,162.050003,19.909979
2021-09-29,407.351166,121.46479,161.320007,20.065161
2021-09-30,402.372437,121.447937,164.220001,20.142389
2021-10-01,407.154236,122.469994,164.589996,20.086815
2021-10-04,401.903595,122.158257,165.360001,19.959782
2021-10-05,406.085388,120.978607,164.589996,20.08032
2021-10-06,407.773132,121.661087,165.029999,20.072378
2021-10-07,411.298615,120.38887,164.160004,20.053612
2021-10-08,410.548523,119.546295,164.229996,20.187862
2021-10-11,407.576202,119.242905,163.919998,20.256428
2021-10-12,406.572937,121.281967,164.660004,20.167654
2021-10-13,408.035675,122.461555,167.589996,20.223949
2021-10-14,414.899078,122.916603,168.0,20.388514
2021-10-15,418.058807,122.200378,165.330002,20.555964
2021-10-18,419.296509,122.773361,164.919998,20.426046
2021-10-19,422.531342,121.079704,165.449997,20.583391
2021-10-20,424.190887,120.262459,166.899994,20.654844
2021-10-21,425.297333,120.119171,166.75,20.72991
2021-10-22,424.856659,121.442085,167.770004,20.701042
2021-10-25,427.13501,121.256721,168.929993,20.779711
2021-10-26,427.519531,122.259361,167.679993,20.789814
2021-10-27,425.625519,124.483902,168.119995,20.672171
2021-10-28,429.732239,124.062469,168.080002,20.664228
2021-10-29,430.60434,124.441681,166.649994,20.981808
2021-11-01,431.34494,123.545685,167.520004,21.014288
2021-11-02,433.088959,124.09404,167.160004,20.93778
2021-11-03,435.733063,122.811722,165.770004,20.783321
2021-11-04,437.786469,124.102463,167.649994,20.613705
2021-11-05,439.30545,125.958542,169.839996,20.913237
2021-11-08,439.680481,125.722313,170.449997,20.867771
2021-11-09,438.227203,127.359062,171.289993,21.017897
2021-11-10,434.701721,125.030602,173.149994,20.956545
2021-11-11,434.842316,124.84494,174.119995,20.95294
2021-11-12,438.124023,124.296577,174.449997,20.989025
2021-11-15,438.274078,122.735748,174.179993,21.068419
2021-11-16,440.008545,122.42366,172.919998,21.173075
2021-11-17,438.939758,123.393829,174.5,20.876432
2021-11-18,440.430542,123.857841,173.940002,21.003458
2021-11-19,439.643036,125.165512,172.610001,20.707537
2021-11-22,438.405273,123.697548,168.740005,20.892309
2021-11-23,438.986664,121.909027,167.279999,21.122553
2021-11-24,440.1586,123.866234,167.119995,21.064808
2021-11-26,430.341675,126.996277,166.850006,20.195076
2021-11-29,435.620575,125.975403,166.619995,20.126511
2021-11-30,427.14444,127.890549,165.5,20.483789
2021-12-01,422.400116,128.679474,166.160004,19.866674
2021-12-02,428.86969,128.839966,165.240005,19.865231
2021-12-03,425.137939,130.377289,166.630005,19.960505
2021-12-06,430.173035,128.586578,166.220001,19.974941
2021-12-07,439.070984,127.547615,166.809998,20.274471
2021-12-08,440.233704,125.342987,166.899994,20.335825
2021-12-09,437.261414,126.044083,165.880005,20.238386
2021-12-10,441.377563,125.740005,166.580002,20.241995
2021-12-13,437.467712,127.598259,167.0,20.245604
2021-12-14,434.457916,127.294167,165.440002,20.281693
2021-12-15,441.246338,126.069458,166.149994,20.389959
2021-12-16,437.355225,126.118477,168.160004,20.397175
2021-12-17,432.700439,127.547562,167.800003,20.269421
2021-12-20,428.099396,126.591995,167.089996,20.211679
2021-12-21,435.702057,126.110016,167.020004,20.343042
2021-12-22,440.058441,126.693474,168.589996,20.17054
2021-12-23,442.796539,125.594193,168.970001,20.326445
2021-12-27,449.06311,125.898567,169.369995,20.51338
2021-12-28,448.696136,125.399689,168.639999,20.823017
2021-12-29,449.27005,124.029732,168.589996,20.389959
2021-12-30,448.028137,125.069878,169.800003,20.602844
2021-12-31,446.898926,125.315163,170.960007,20.568558
2022-01-03,449.48645,122.025558,168.330002,20.754335
2022-01-04,449.335907,121.518196,169.570007,20.596464
2022-01-05,440.707703,120.858566,169.059998,20.555004
2022-01-06,440.293762,121.17144,166.990005,20.642708
2022-01-07,438.55304,120.300438,167.75,20.770281
2022-01-10,438.007263,120.596428,168.259995,20.460121
2022-01-11,441.996735,121.39978,170.289993,20.456932
2022-01-12,443.19165,120.934731,170.740005,20.360456
2022-01-13,437.085114,122.008713,170.160004,20.211357
2022-01-14,437.263916,120.165184,169.669998,20.494408
2022-01-18,429.520233,118.473923,169.389999,20.810148
2022-01-19,425.060181,119.294159,172.080002,20.754335
2022-01-20,420.355591,120.029877,171.649994,20.810148
2022-01-21,412.10376,121.458992,171.089996,20.539059
2022-01-24,413.853882,120.461143,172.029999,20.444178
2022-01-25,408.801147,120.266663,172.580002,20.650681
2022-01-26,407.775543,118.812157,169.789993,20.778252
2022-01-27,405.761993,120.993912,167.600006,20.770281
2022-01-28,415.839233,121.036186,167.100006,20.929743
2022-01-31,423.328918,120.410431,168.089996,20.650681
2022-02-01,426.18924,120.010742,168.229996,20.658655
2022-02-02,430.329346,120.417213,168.839996,20.684969
2022-02-03,420.214447,119.477196,168.600006,20.706493
2022-02-04,422.190369,117.715889,168.860001,20.937719
2022-02-07,420.835388,117.792076,170.110001,20.698521
2022-02-08,424.298065,117.004517,170.630005,20.626762
2022-02-09,430.508179,117.224678,171.210007,20.802174
2022-02-10,422.773804,115.361687,170.559998,20.850012
2022-02-11,414.437225,117.07225,173.809998,21.304489
2022-02-14,413.082306,115.615707,174.740005,21.360302
2022-02-15,419.743988,114.303177,173.080002,21.033394
2022-02-16,420.214447,114.980629,174.860001,21.00948
2022-02-17,411.238098,115.835907,177.25,20.794201
2022-02-18,408.575287,117.055305,177.119995,20.810148
2022-02-22,404.190643,117.360153,177.490005,20.961639
2022-02-23,397.020844,115.74276,178.289993,21.089211
2022-02-24,402.995636,115.818977,177.139999,21.400166
2022-02-25,411.88736,115.903664,176.550003,21.368271
2022-02-28,410.833557,118.444084,178.380005,21.292528
2022-03-01,404.576447,119.813492,181.619995,21.735044
2022-03-02,412.019043,115.717979,179.729996,21.927996
2022-03-03,409.967804,116.896606,180.800003,21.878559
2022-03-04,406.636963,118.914688,183.679993,21.75099
2022-03-07,394.64975,118.007401,186.410004,22.413565
2022-03-08,391.657593,116.820305,191.509995,22.667912
2022-03-09,402.158203,115.675552,185.820007,22.173573
2022-03-10,400.342316,114.013618,186.399994,22.352966
2022-03-11,395.251831,114.395218,185.089996,22.484528
2022-03-14,392.363373,111.72419,182.300003,22.380873
2022-03-15,400.991516,111.529152,178.889999,22.149651
2022-03-16,409.883209,112.623047,180.009995,21.862614
2022-03-17,415.01123,111.783546,180.889999,22.032448
2022-03-18,419.556732,113.14872,179.300003,22.038025
2022-03-21,419.43399,110.528633,180.669998,22.706182
2022-03-22,424.341919,109.112526,179.360001,23.218063
2022-03-23,418.877197,111.503761,181.809998,23.441317
2022-03-24,425.191437,110.630325,183.130005,23.162251
2022-03-25,427.267883,109.095612,182.380005,23.438921
2022-03-28,430.307037,110.028328,179.059998,23.302584
2022-03-29,435.630341,110.859306,179.139999,23.171022
2022-03-30,432.94046,111.72419,180.580002,23.058601
2022-03-31,426.276886,111.995529,180.649994,22.797876
2022-04-01,427.484955,112.421837,179.5,23.002789
2022-04-04,431.147156,111.640572,180.369995,23.271484
2022-04-05,425.701111,109.118317,179.240005,23.536993
2022-04-06,421.444366,108.235123,179.660004,23.513077
2022-04-07,423.568054,107.419823,180.339996,23.609549
2022-04-08,422.435455,106.256416,181.470001,23.800112
2022-04-11,415.215088,104.574928,182.369995,23.951603
2022-04-12,413.676575,104.430542,183.770004,24.08555
2022-04-13,418.414673,104.64286,184.649994,24.278503
2022-04-14,413.20462,102.545227,184.039993,24.477839
2022-04-18,413.374542,102.035683,184.610001,24.732981
2022-04-19,420.047546,101.271378,181.820007,24.981745
2022-04-20,419.736023,103.309555,182.710007,24.557566
2022-04-21,413.459473,102.545227,182.059998,24.892443
2022-04-22,402.114532,101.899811,180.289993,24.828661
2022-04-25,404.445862,102.918907,177.050003,24.549595
2022-04-26,392.732666,103.954971,177.320007,24.56554
2022-04-27,393.837036,102.621674,175.979996,24.796764
2022-04-28,403.785095,102.774544,176.929993,25.287117
2022-04-29,388.862976,101.441261,176.910004,25.211374
2022-05-02,391.203766,99.682869,173.630005,25.761528
2022-05-03,392.997009,100.354912,174.089996,25.299076
2022-05-04,404.964966,100.907875,175.800003,25.024799
2022-05-05,390.57135,98.14315,175.130005,25.450571
2022-05-06,388.240051,96.696999,175.419998,25.825314
2022-05-09,375.809601,97.547638,172.880005,25.490438
2022-05-10,376.677917,98.432358,171.419998,25.259216
2022-05-11,370.694061,100.329407,172.820007,25.400341
2022-05-12,370.307068,100.142227,170.169998,25.289513
2022-05-13,379.160309,98.662048,168.789993,25.61801
2022-05-16,377.621826,98.559998,170.399994,25.777477
2022-05-17,385.389648,97.369019,169.330002,25.434622
2022-05-18,369.853973,99.444702,169.419998,25.434622
2022-05-19,367.588837,99.682869,171.910004,25.211374
2022-05-20,367.749268,100.814285,172.029999,25.171509
2022-05-23,374.629852,99.155434,172.830002,25.067856
2022-05-24,371.77002,101.112022,174.130005,24.844604
2022-05-25,375.054596,101.511818,173.080002,24.908394
2022-05-26,382.548676,101.052467,172.759995,24.93231
2022-05-27,391.939911,101.299202,172.850006,24.820684
2022-05-31,389.740692,99.155434,171.139999,24.964205
2022-06-01,386.588257,99.042114,172.229996,25.394754
2022-06-02,393.950317,99.093231,174.350006,25.307055
2022-06-03,387.484955,98.880196,172.580002,25.625982
2022-06-06,388.664795,97.056496,171.820007,25.817339
2022-06-07,392.392975,98.104698,172.940002,25.737606
2022-06-08,388.12677,97.235451,172.779999,26.072485
2022-06-09,378.896027,97.559288,172.229996,26.168159
2022-06-10,367.909698,96.954247,174.539993,26.223974
2022-06-13,353.940826,93.911873,169.929993,26.5748
2022-06-14,352.874268,92.727325,168.570007,26.558851
2022-06-15,357.904938,94.457291,170.770004,26.080456
2022-06-16,346.059723,95.207253,172.690002,26.01667
2022-06-17,346.805695,95.514038,171.270004,26.032618
2022-06-21,355.536133,93.894836,170.630005,26.28776
2022-06-22,354.891479,96.476997,171.309998,25.849232
2022-06-23,358.370392,97.269539,170.259995,25.570171
2022-06-24,369.764343,95.923073,170.089996,25.514357
2022-06-27,368.351959,95.104958,169.899994,25.689764
2022-06-28,360.82547,95.548111,169.619995,25.920988
2022-06-29,360.531616,97.039452,169.490005,26.040588
2022-06-30,357.6026,97.891647,168.460007,25.833286
2022-07-01,361.384735,98.89666,168.320007,25.641926
2022-07-05,362.067169,99.673698,164.75,25.578144
2022-07-06,363.29007,98.000084,162.139999,25.602066
2022-07-07,368.73111,97.13768,162.229996,25.681793
2022-07-08,368.427826,96.061745,162.300003,25.761528
2022-07-11,364.219025,97.7183,161.429993,25.936932
2022-07-12,360.996124,98.298935,160.830002,25.67382
2022-07-13,359.10025,99.426064,161.600006,25.825314
2022-07-14,358.22821,98.614883,159.330002,26.01667
2022-07-15,365.072174,99.169914,159.009995,25.817339
2022-07-18,362.05777,98.136703,159.160004,25.984777
2022-07-19,371.840332,97.607338,159.539993,25.761528
2022-07-20,374.210144,97.86348,158.039993,25.881124
2022-07-21,378.020721,99.554153,160.270004,25.506384
2022-07-22,374.513428,101.227791,160.669998,25.25124
2022-07-25,374.968384,100.237244,160.229996,25.37084
2022-07-26,370.532196,100.31411,160.039993,25.602066
2022-07-27,380.153503,99.750572,161.669998,25.330973
2022-07-28,384.92157,100.544678,163.639999,25.051908
2022-07-29,390.533234,100.2714,164.100006,24.908394
2022-08-01,389.376831,102.686302,165.029999,24.613384
2022-08-02,386.807922,100.513504,164.050003,24.908394
2022-08-03,392.865173,102.096008,164.449997,25.051908
2022-08-04,392.599792,102.061844,167.169998,24.669191
2022-08-05,391.936188,99.632401,165.289993,24.956226
2022-08-08,391.481232,101.240616,166.690002,25.091774
2022-08-09,389.926605,100.847137,167.199997,25.091774
2022-08-10,398.116608,100.188431,166.779999,24.693111
2022-08-11,398.116608,97.853088,166.339996,24.860554
2022-08-12,404.856293,98.845398,167.869995,24.732981
2022-08-15,406.524658,98.759865,165.710007,24.836628
2022-08-16,407.320892,99.170456,165.419998,24.860554
2022-08-17,404.429779,98.135391,164.350006,24.93231
2022-08-18,405.605225,98.280815,163.919998,25.147585
2022-08-19,400.154694,96.69825,162.720001,25.378809
2022-08-22,391.822388,96.373215,161.639999,25.434622
2022-08-23,390.874542,95.842842,162.770004,25.458546
2022-08-24,392.125824,95.14138,163.25,25.434622
2022-08-25,397.661621,96.467293,163.75,25.219347
2022-08-26,384.201141,97.194389,161.759995,25.338947
2022-08-29,381.660736,96.390297,161.860001,25.450571
2022-08-30,377.470978,96.629852,160.509995,25.562197
2022-08-31,374.598755,95.705963,159.270004,25.586113
2022-09-01,375.77417,93.953758,157.869995,25.99275
2022-09-02,371.81189,94.485252,159.259995,25.96883
2022-09-06,370.408936,92.144989,158.330002,26.303709
2022-09-07,377.063354,93.602295,159.940002,26.120321
2022-09-08,379.527954,92.642189,158.979996,26.223974
2022-09-09,385.424072,92.847908,159.820007,26.136267
2022-09-12,389.566406,92.084953,160.630005,25.889097
2022-09-13,372.627045,92.299286,158.539993,26.28776
2022-09-14,374.04895,92.616478,157.929993,26.255871
2022-09-15,369.802246,92.556435,154.979996,26.319651
2022-09-16,366.98111,91.78495,155.839996,26.23992
2022-09-19,369.827026,91.99926,155.960007,26.303709
2022-09-20,365.581909,91.08197,155.070007,26.487093
2022-09-21,359.204834,92.60791,155.789993,26.630606
2022-09-22,356.187561,90.24189,155.699997,26.686424
2022-09-23,350.219696,90.610512,153.009995,26.981432
2022-09-26,346.755066,88.878883,151.229996,27.364145
2022-09-27,345.869873,86.53862,151.539993,27.555506
2022-09-28,352.675323,89.436111,154.690002,26.965485
2022-09-29,345.308319,88.973198,154.660004,26.997377
2022-09-30,339.968628,87.824486,154.669998,27.061163
2022-10-03,348.944183,89.219955,158.429993,26.742235
2022-10-04,359.756805,88.970757,160.699997,26.247892
2022-10-05,358.91922,88.120071,159.809998,26.503038
2022-10-06,355.216705,87.63028,159.630005,26.806021
2022-10-07,345.308319,86.779579,157.880005,27.085085
2022-10-10,342.671814,85.430496,155.479996,27.300364
2022-10-11,340.501648,85.808617,155.160004,27.364145
2022-10-12,339.378479,86.22963,155.990005,27.300364
2022-10-13,348.335175,85.404701,154.910004,27.27644
2022-10-14,340.396942,84.700096,152.979996,27.555506
2022-10-17,349.144135,84.287636,153.419998,27.212656
2022-10-18,353.246399,84.48526,153.75,27.109005
2022-10-19,350.743195,82.947151,151.690002,27.587397
2022-10-20,347.801971,81.529312,151.449997,27.738888
2022-10-21,356.25415,80.059921,154.149994,27.451849
2022-10-24,360.613434,79.398293,153.649994,27.603344
2022-10-25,366.371918,81.70977,154.0,27.260494
2022-10-26,363.611694,82.886993,154.979996,26.885754
2022-10-27,361.669983,83.754875,154.740005,26.957514
2022-10-28,370.274353,83.179176,153.160004,27.12495
2022-10-31,367.599762,82.586235,151.910004,27.324282
2022-11-01,365.991211,83.358063,153.460007,27.156845
2022-11-02,356.806213,82.996277,152.389999,27.39604
2022-11-03,353.132294,82.548347,151.809998,27.563478
2022-11-04,358.214813,81.161491,156.470001,27.244551
2022-11-07,361.641388,80.351791,155.850006,27.27644
2022-11-08,363.592621,81.230385,159.449997,26.869806
2022-11-09,356.101807,81.497398,158.649994,26.965485
2022-11-10,375.671143,84.632942,163.479996,25.913021
2022-11-11,379.307129,84.322838,164.559998,25.522331
2022-11-14,376.080444,84.116096,164.919998,25.61801
2022-11-15,379.287994,85.477112,165.5,25.362864
2022-11-16,376.394501,87.346382,165.119995,25.17948
2022-11-17,375.242828,86.424667,163.919998,25.37084
2022-11-18,376.946564,85.830292,162.789993,25.498411
2022-11-21,375.575958,86.192093,161.880005,25.633953
2022-11-22,380.630096,87.415268,162.070007,25.466516
2022-11-23,383.028656,88.939941,163.080002,25.171509
2022-11-25,382.942993,88.638451,163.220001,25.147585
2022-11-28,376.832336,88.88829,161.929993,25.243267
2022-11-29,376.18515,87.845985,162.729996,25.299076
2022-11-30,388.035187,88.492043,164.809998,24.908394
2022-12-01,387.749664,91.319,167.839996,24.645273
2022-12-02,387.302246,92.467369,167.259995,24.56554
2022-12-05,380.335022,91.172218,164.389999,24.812714
2022-12-06,374.8526,92.346497,164.839996,24.796764
2022-12-07,374.214813,94.5224,166.330002,24.589457
2022-12-08,377.146393,94.263374,166.470001,24.56554
2022-12-09,374.329041,91.811142,167.059998,24.748926
2022-12-12,379.725891,92.104729,165.679993,24.717035
2022-12-13,382.600311,92.994102,168.509995,24.517704
2022-12-14,380.154144,93.391258,168.100006,24.469862
2022-12-15,370.855011,93.755684,165.350006,24.461887
2022-12-16,366.476624,92.708351,166.789993,24.637299
2022-12-19,363.369049,91.150391,166.320007,24.62933
2022-12-20,363.866211,89.531799,169.080002,24.788792
2022-12-21,369.306946,89.756851,168.800003,24.685139
2022-12-22,364.0383,89.739555,166.759995,24.852573
2022-12-23,366.132355,88.423943,167.259995,24.828661
2022-12-27,364.688538,86.675522,168.669998,24.868525
2022-12-28,360.15625,86.164848,167.910004,25.080755
2022-12-29,366.639191,87.142914,168.850006,24.943277
2022-12-30,365.673462,86.173515,169.639999,25.012014
2023-01-03,364.133942,87.818047,171.059998,24.951868
2023-01-04,366.94519,89.021118,172.669998,24.76284
2023-01-05,362.757019,89.393333,170.520004,24.805807
2023-01-06,371.075867,91.037895,173.710007,24.487886
2023-01-09,370.865448,91.522568,174.100006,24.462111
2023-01-10,373.466309,90.007866,174.740005,24.573811
2023-01-11,378.18988,91.470642,174.619995,24.419149
2023-01-12,379.566772,93.270973,176.639999,24.367599
2023-01-13,381.039307,92.396759,178.759995,24.401962
2023-01-17,380.341278,91.79953,177.589996,24.470699
2023-01-18,374.336487,94.023979,177.080002,24.307451
2023-01-19,371.611359,93.43541,179.889999,24.470699
2023-01-20,378.534088,91.920715,179.289993,24.453516
2023-01-23,383.076019,91.487961,179.630005,24.453516
2023-01-24,382.664825,92.803589,180.279999,24.444931
2023-01-25,382.808228,93.028633,181.110001,24.427744
2023-01-26,387.015442,92.595833,179.470001,24.470699
2023-01-27,387.904694,92.362152,179.220001,24.419149
2023-01-30,383.037659,92.024559,178.759995,24.419149
2023-01-31,388.669617,92.7603,179.410004,24.204344
2023-02-01,392.800323,93.875404,181.669998,24.298859
2023-02-02,398.518372,93.996895,177.899994,24.161386
2023-02-03,394.282471,92.591064,173.460007,24.17857
2023-02-06,391.872833,91.905533,173.820007,24.264486
2023-02-07,396.998047,91.167961,173.979996,24.427744
2023-02-08,392.656891,91.601822,174.410004,24.238714
2023-02-09,389.25293,90.734062,173.029999,24.384781
2023-02-10,390.161285,89.718742,173.360001,24.29027
2023-02-13,394.741394,90.473724,172.479996,24.401962
2023-02-14,394.559753,90.265472,172.610001,24.573811
2023-02-15,395.841064,89.423729,170.889999,24.530851
2023-02-16,390.390778,88.156761,170.75,24.590996
2023-02-17,389.415497,88.842331,171.259995,24.522259
2023-02-21,381.603424,87.11544,170.619995,24.548035
2023-02-22,381.077576,87.913795,169.660004,24.462111
2023-02-23,383.104645,88.772888,169.570007,24.341818
2023-02-24,379.012177,87.618759,168.350006,24.479298
2023-02-27,380.302979,87.861763,169.009995,24.608181
2023-02-28,378.89743,88.260918,169.779999,24.384781
2023-03-01,377.444061,87.312714,170.759995,24.582405
2023-03-02,380.379547,86.538498,170.660004,24.676918
2023-03-03,386.480011,88.634964,172.490005,24.530851
2023-03-06,386.747742,87.947769,171.619995,24.685509
2023-03-07,380.819366,88.487099,168.619995,24.359003
2023-03-08,381.440918,88.574074,168.539993,24.427744
2023-03-09,374.403381,88.791534,170.199997,24.212936
2023-03-10,369.000916,91.85363,173.869995,23.474007
2023-03-13,368.475006,92.062431,177.860001,22.760849
2023-03-14,374.565918,90.548767,176.830002,23.250603
2023-03-15,372.223267,92.297279,178.210007,22.417158
2023-03-16,378.753967,91.575264,178.570007,22.69211
2023-03-17,374.325348,92.949715,183.770004,22.253906
2023-03-20,377.924713,92.131989,183.839996,22.528856
2023-03-21,382.887085,91.340408,180.369995,22.769442
2023-03-22,376.360168,92.55825,183.440002,22.417158
2023-03-23,377.377625,92.55825,185.740005,22.305458
2023-03-24,379.854034,92.949715,183.649994,22.082062
2023-03-27,380.56424,90.766251,181.949997,22.640556
2023-03-28,379.709991,90.931541,183.440002,22.631966
2023-03-29,385.229004,90.748856,182.529999,22.769442
2023-03-30,387.48468,91.166405,184.179993,22.786625
2023-03-31,392.946106,92.532173,183.220001,22.597595
2023-04-03,394.443542,92.967339,184.539993,22.46871
2023-04-04,392.255066,93.42955,187.979996,22.348421
2023-04-05,391.227997,94.406364,187.830002,22.210945
2023-04-06,392.754181,94.650551,186.490005,22.202354
2023-04-10,393.157288,93.124344,185.110001,22.442934
2023-04-11,393.262878,93.316162,186.279999,22.46871
2023-04-12,391.659912,93.220261,187.190002,22.571819
2023-04-13,396.862244,92.487701,189.720001,22.640556
2023-04-14,395.892822,91.641724,186.360001,22.769442
2023-04-17,397.313354,90.551567,185.529999,22.898319
2023-04-18,397.57254,90.874275,186.25,22.924105
2023-04-19,397.505341,90.787071,185.360001,22.889732
2023-04-20,395.336121,91.563248,186.089996,22.855362
2023-04-21,395.643219,91.048691,184.25,22.855362
2023-04-24,396.056,91.92952,184.809998,22.889732
2023-04-25,389.769073,93.281319,185.75,22.61478
2023-04-26,388.118134,92.287109,184.740005,22.657743
2023-04-27,395.844818,91.371384,184.75,22.825291
2023-04-28,399.223358,92.845261,184.800003,22.820993
2023-05-01,398.820282,90.168106,183.970001,23.044392
2023-05-02,394.337891,92.415092,187.520004,22.872549
2023-05-03,391.631195,92.930931,189.110001,22.786625
2023-05-04,388.857239,92.012909,190.440002,22.717884
2023-05-05,396.056,91.706886,187.460007,22.838181
2023-05-08,396.16156,90.421654,187.690002,22.855362
2023-05-09,394.424194,90.09816,189.020004,22.958471
2023-05-10,396.267181,90.972473,188.75,22.760849
2023-05-11,395.576111,91.934242,187.130005,22.709295
2023-05-12,395.057739,91.164825,186.809998,22.838181
2023-05-15,396.420715,90.220566,187.210007,22.984247
2023-05-16,393.771545,89.949532,184.869995,22.863953
2023-05-17,398.551575,89.68721,184.229996,22.941288
2023-05-18,402.3909,89.022751,181.839996,22.949879
2023-05-19,401.80542,88.39325,183.639999,23.001434
2023-05-22,401.968567,88.078484,183.210007,23.052984
2023-05-23,397.457367,88.332031,183.429993,23.001434
2023-05-24,394.57782,87.894882,181.949997,22.855362
2023-05-25,397.994812,87.676315,180.199997,22.949879
2023-05-26,403.14917,88.384506,180.919998,23.044392
2023-05-30,403.302704,89.26754,182.039993,23.07876
2023-05-31,401.066345,90.045685,182.320007,22.949879
2023-06-01,404.876831,90.398972,183.759995,22.915508
2023-06-02,410.731812,89.408401,181.050003,22.975653
2023-06-05,409.944763,89.241821,182.139999,22.889732
2023-06-06,410.837402,89.767799,182.339996,22.941288
2023-06-07,409.416809,88.435318,180.149994,23.018616
2023-06-08,411.893188,89.469765,182.529999,22.958471
2023-06-09,412.632263,89.347008,182.039993,23.061575
2023-06-12,416.375702,89.610001,181.880005,23.199051
2023-06-13,419.120758,88.724617,180.539993,23.267792
2023-06-14,419.619873,89.434654,180.639999,23.181868
2023-06-15,424.822205,90.293785,181.910004,23.259201
2023-06-16,423.375183,89.943146,181.630005,23.482595
2023-06-20,421.178558,90.565536,179.75,23.405264
2023-06-21,419.020599,90.784691,179.490005,23.448227
2023-06-22,420.533142,89.688896,177.710007,23.628666
2023-06-23,417.353912,90.583046,178.199997,23.628666
2023-06-26,415.648712,90.679504,178.509995,23.65444
2023-06-27,420.205627,90.442818,177.690002,23.731771
2023-06-28,420.417511,90.828529,177.279999,23.80051
2023-06-29,422.074554,89.189232,177.089996,23.809103
2023-06-30,427.055267,90.241203,178.270004,23.740364
2023-07-03,427.546722,89.729591,178.470001,23.774733
2023-07-05,426.910828,88.876961,177.839996,23.783323
2023-07-06,423.567841,87.619972,177.309998,23.80051
2023-07-07,422.498413,87.092575,178.639999,23.611481
2023-07-10,423.567841,87.206833,178.779999,23.559925
2023-07-11,426.26532,87.655128,179.449997,23.54274
2023-07-12,429.695038,88.630829,181.880005,23.327934
2023-07-13,433.105469,89.562546,182.009995,23.259201
2023-07-14,432.835693,89.035202,181.429993,23.431044
2023-07-17,434.338654,89.079155,181.559998,23.49119
2023-07-18,437.56601,89.48349,183.639999,23.525557
2023-07-19,438.539032,90.494377,183.669998,23.499779
2023-07-20,435.629578,89.395584,182.740005,23.585705
2023-07-21,435.629578,89.421944,182.179993,23.611481
2023-07-24,437.575653,89.096718,181.399994,23.602882
2023-07-25,438.770294,88.929726,182.410004,23.551336
2023-07-26,438.837677,89.017601,183.300003,23.585705
2023-07-27,435.928253,87.285934,180.419998,23.585705
2023-07-28,440.196075,87.734222,181.860001,23.697403
2023-07-31,441.034271,87.945198,182.350006,23.65444
2023-08-01,439.772156,86.504044,180.460007,23.817692
2023-08-02,433.654602,85.578537,179.600006,23.826284
2023-08-03,432.411804,83.604134,179.539993,23.903616
2023-08-04,430.456116,85.084946,180.190002,23.663034
2023-08-07,434.213379,84.247581,179.779999,23.783323
2023-08-08,432.325134,85.225983,178.639999,23.783323
2023-08-09,429.434937,85.666718,177.789993,23.774733
2023-08-10,429.58905,84.256393,177.600006,23.860659
2023-08-11,429.338562,84.062469,177.600006,24.006727
2023-08-14,431.708557,83.877365,177.059998,23.920799
2023-08-15,426.679596,83.366142,176.589996,23.903616
2023-08-16,423.548584,82.713875,175.570007,23.912209
2023-08-17,420.321259,82.36129,175.300003,23.912209
2023-08-18,420.523499,82.652184,175.330002,23.920799
2023-08-21,423.259521,81.550415,175.809998,24.058277
2023-08-22,422.113037,82.176231,176.100006,23.989538
2023-08-23,426.814484,84.212326,177.889999,23.731771
2023-08-24,420.899231,83.657036,177.850006,23.783323
2023-08-25,423.866486,83.930252,177.619995,23.87784
2023-08-28,426.554382,84.018417,178.130005,23.843473
2023-08-29,432.720062,84.891052,179.869995,23.714584
2023-08-30,434.502441,84.802879,180.320007,23.834877
2023-08-31,433.866547,85.181908,180.020004,23.731771
2023-09-01,434.675842,83.854919,180.110001,23.817692
2023-09-05,432.79718,82.67907,178.639999,24.04109
2023-09-06,429.887695,82.882408,177.830002,24.066868
2023-09-07,428.567902,83.112282,178.020004,23.903616
2023-09-08,429.213348,83.430573,178.080002,24.015316
2023-09-11,432.036072,82.829353,178.410004,24.084051
2023-09-12,429.666199,83.306793,177.490005,24.144203
2023-09-13,430.167084,83.289093,177.080002,24.11842
2023-09-14,433.87619,82.687912,177.169998,24.273085
2023-09-15,428.648712,82.18399,178.339996,24.324635
2023-09-18,428.900085,82.652557,179.389999,24.324635
2023-09-19,428.01062,82.042534,179.220001,24.401962
2023-09-20,424.075806,82.298904,179.350006,24.298859
2023-09-21,417.066559,80.185966,178.050003,24.453516
2023-09-22,416.128723,80.831383,178.619995,24.376192
2023-09-25,417.878662,78.842201,177.699997,24.539442
2023-09-26,411.739441,78.568085,176.279999,24.642551
2023-09-27,411.903748,78.16143,174.100006,24.857355
2023-09-28,414.291809,78.400131,173.229996,24.831575
2023-09-29,413.286346,78.408981,171.449997,24.831575
2023-10-02,413.122009,77.096405,169.649994,24.891722
2023-10-03,407.591858,75.43795,169.160004,25.029202
2023-10-04,410.559937,76.502182,169.139999,24.702692
2023-10-05,410.405212,76.120819,168.830002,24.676918
2023-10-06,415.277893,75.198494,169.699997,24.857355
2023-10-09,417.936615,76.963379,172.820007,24.625362
2023-10-10,420.111938,76.856956,172.529999,24.659735
2023-10-11,421.832855,78.462173,173.789993,24.487886
2023-10-12,419.261108,76.333679,173.259995,24.668322
2023-10-13,417.172852,77.699463,178.830002,24.573811
2023-10-16,421.562103,76.448975,177.960007,24.745657
2023-10-17,421.542725,75.606453,178.289993,25.054977
2023-10-18,415.925659,74.941269,180.869995,24.943277
2023-10-19,412.271149,73.406982,183.089996,25.020605
2023-10-20,407.2052,73.823814,183.589996,24.857355
2023-10-23,406.49942,74.710686,182.970001,24.676918
2023-10-24,409.564178,75.695129,182.949997,24.590996
2023-10-25,403.686005,74.010033,183.720001,24.822987
2023-10-26,398.852051,75.145279,184.009995,24.659735
2023-10-27,397.044067,74.825989,186.149994,24.659735
2023-10-30,401.791046,74.488968,185.100006,24.590996
2023-10-31,404.314484,74.125359,184.089996,24.737062
2023-11-01,408.626312,75.732559,183.509995,24.479298
2023-11-02,416.457458,77.459015,184.119995,24.29027
2023-11-03,420.256897,77.98407,184.789993,23.980947
2023-11-06,421.223663,77.227638,183.350006,24.101234
2023-11-07,422.422546,78.36673,182.589996,24.032497
2023-11-08,422.731934,79.701637,180.770004,23.980947
2023-11-09,419.43512,77.868362,181.490005,24.204344
2023-11-10,425.980347,78.30442,179.509995,24.238714
2023-11-13,425.57431,78.126442,180.509995,24.264486
2023-11-14,433.83078,79.897392,182.119995,23.705996
2023-11-15,434.749146,78.7761,181.639999,23.886431
2023-11-16,435.280945,79.755013,183.690002,23.680218
2023-11-17,435.822327,80.128792,183.669998,23.620071
2023-11-20,439.177155,80.61824,183.369995,23.54274
2023-11-21,438.219971,80.582649,185.350006,23.551336
2023-11-22,439.911926,80.867409,184.559998,23.748955
2023-11-24,440.182587,79.915222,185.520004,23.714584
2023-11-27,439.389801,81.250084,186.770004,23.559925
2023-11-28,439.82489,81.410286,189.259995,23.422451
2023-11-29,439.515472,82.433678,189.539993,23.30216
2023-11-30,441.246094,81.481461,188.75,23.448227
2023-12-01,443.856445,83.016075,192.009995,23.121721
2023-12-04,441.526428,82.685776,187.860001,23.293568
2023-12-05,441.439453,84.462341,187.149994,23.104536
2023-12-06,439.660553,85.587181,187.839996,23.121721
2023-12-07,443.015289,85.096176,188.149994,22.915508
2023-12-08,444.919922,84.399841,185.639999,23.164682
2023-12-11,446.650452,84.221306,183.589996,23.276384
2023-12-12,448.69043,84.471275,183.490005,23.147501
2023-12-13,454.877899,86.453148,187.630005,22.984247
2023-12-14,456.337738,88.702042,188.729996,22.752254
2023-12-15,455.586456,88.800568,187.0,22.889732
2023-12-18,458.149139,88.09301,187.850006,22.872549
2023-12-19,460.935089,88.567688,189.130005,22.872549
2023-12-20,454.54776,89.167755,188.100006,22.846769
2023-12-21,458.857758,88.603531,189.429993,22.786625
2023-12-22,459.779877,88.200516,190.270004,22.855362
2023-12-26,461.721375,88.451263,191.720001,22.812401
2023-12-27,462.556183,90.018593,192.589996,22.830086
2023-12-28,462.730927,89.36483,191.470001,22.803562
2023-12-29,461.391327,88.558739,191.169998,22.777033
2024-01-02,458.809204,88.048241,190.720001,22.830086
2024-01-03,455.062256,88.415451,189.130005,22.777033
2024-01-04,453.596466,87.072021,189.320007,22.953875
2024-01-05,454.217682,86.239082,189.350006,22.874296
2024-01-08,460.702087,87.089928,187.869995,23.015766
2024-01-09,460.003204,86.53463,187.929993,23.042294
2024-01-10,462.604706,86.131622,187.5,23.254501
2024-01-11,462.400848,86.615257,187.869995,23.059977
2024-01-12,462.721222,86.445091,189.710007,23.068819
2024-01-16,461.022461,84.922531,187.910004,23.210291
2024-01-17,458.459778,84.788177,185.839996,23.254501
2024-01-18,462.536743,84.000038,187.369995,23.289871
2024-01-19,468.302856,84.268753,187.929993,23.325235
2024-01-22,469.292969,84.770287,187.220001,23.41366
2024-01-23,470.661621,84.098564,187.949997,23.41366
2024-01-24,471.176178,83.605942,186.399994,23.334084
2024-01-25,473.738892,84.152298,187.139999,23.351767
2024-01-26,473.137024,83.991096,187.009995,23.47555
2024-01-29,476.883972,84.958366,188.330002,23.502079
2024-01-30,476.515106,85.7286,188.589996,23.51092
2024-01-31,468.739624,86.570473,188.449997,23.334084
2024-02-01,474.874542,88.268623,190.410004,23.555132
2024-02-02,479.873749,86.318909,188.610001,23.696606
2024-02-05,478.126495,84.575798,187.570007,23.590502
2024-02-06,479.514587,85.402435,188.550003,23.599342
2024-02-07,483.513977,84.989105,188.5,23.617025
2024-02-08,483.727539,84.494934,188.330002,23.705444
2024-02-09,486.523163,84.324211,187.600006,23.77618
2024-02-12,486.309601,84.423058,187.110001,23.731972
2024-02-13,479.611603,82.976456,184.529999,23.599342
2024-02-14,483.970184,83.398773,184.419998,23.731972
2024-02-15,487.309448,83.830048,185.660004,23.882286
2024-02-16,484.88266,83.344864,186.339996,23.829231
2024-02-20,482.213226,83.416733,187.470001,23.652395
2024-02-21,482.649994,82.82373,187.479996,23.785021
2024-02-22,492.638702,83.22805,187.559998,24.014917
2024-02-23,492.978455,84.342216,188.619995,24.076811
2024-02-26,491.172882,84.090607,188.199997,24.059126
2024-02-27,492.085358,83.497612,188.0,24.138706
2024-02-28,491.434998,84.027725,188.339996,24.085653
2024-02-29,493.201691,84.620743,189.309998,24.182917
2024-03-01,497.832001,85.148003,192.889999,24.377439
2024-03-04,497.298096,84.805504,196.009995,24.430494
2024-03-05,492.328064,86.01329,197.190002,24.20944
2024-03-06,494.822845,86.518005,198.809998,24.306704
2024-03-07,499.734589,86.43689,199.940002,24.386282
2024-03-08,496.735107,86.283661,201.630005,24.094498
2024-03-11,496.308014,86.238609,202.0,23.979546
2024-03-12,501.646973,85.517563,199.789993,24.059126
2024-03-13,500.860626,85.102951,201.190002,24.359755
2024-03-14,499.870544,83.796021,200.350006,24.448177
2024-03-15,496.43811,83.76899,199.710007,24.563118
2024-03-18,499.38858,83.516624,200.029999,24.713438
2024-03-19,502.163666,83.750946,199.800003,24.907961
2024-03-20,506.80835,83.723915,202.179993,25.093643
2024-03-21,508.483215,83.904167,201.970001,25.243954
2024-03-22,507.519257,84.706345,200.350006,25.146696
2024-03-25,506.117126,84.28273,200.990005,25.17322
2024-03-26,505.182281,84.517082,201.639999,25.108315
2024-03-27,509.427673,85.355278,203.100006,25.143883
2024-03-28,509.330292,85.283195,205.720001,25.499519
2024-04-01,508.444214,83.693451,207.820007,25.757359
2024-04-02,505.211517,83.232239,210.889999,25.668453
2024-04-03,505.76651,83.214149,212.740005,25.686234
2024-04-04,499.593079,83.810989,211.520004,25.383938
2024-04-05,504.812195,82.644447,215.139999,25.74847
2024-04-08,505.094604,82.635384,216.479996,25.890728
2024-04-09,505.678864,83.404083,217.669998,25.73958
2024-04-10,500.615356,81.586403,215.610001,26.228588
2024-04-11,504.393585,81.215652,219.800003,26.388622
2024-04-12,497.431366,81.649704,216.889999,26.024094
2024-04-15,491.199463,80.383675,220.949997,26.353062
2024-04-16,490.303619,79.850136,221.220001,26.290825
2024-04-17,487.401886,80.736351,219.589996,25.890728
2024-04-18,486.398926,80.329422,220.339996,25.979633
2024-04-19,482.153503,80.61879,221.029999,26.015202
2024-04-22,486.593689,80.483139,215.570007,25.988527
2024-04-23,492.367889,80.510292,215.039993,26.193024
2024-04-24,492.134277,79.940582,214.639999,26.210804
2024-04-25,490.264648,79.379898,215.919998,26.219696
2024-04-26,494.909393,79.795876,216.619995,26.85985
2024-04-29,496.662079,80.465065,216.179993,26.486425
2024-04-30,488.794342,79.777794,211.869995,26.610903
2024-05-01,487.207153,80.365852,213.789993,26.361954
2024-05-02,491.764221,80.710678,213.130005,25.846273
2024-05-03,497.859802,81.52739,212.960007,25.766253
2024-05-06,503.001129,81.845032,215.199997,25.926291
2024-05-07,503.556152,82.344124,214.210007,26.07744
2024-05-08,503.604767,81.845032,213.580002,26.184134
2024-05-09,506.506531,82.244308,216.949997,26.317497
2024-05-10,507.158936,81.781494,218.710007,26.299717
2024-05-13,507.227081,81.990204,216.259995,26.40641
2024-05-14,509.554291,82.453033,218.089996,26.344172
2024-05-15,515.864136,83.578293,220.889999,26.104113
2024-05-16,514.802612,83.49662,220.029999,26.17524
2024-05-17,515.542786,82.933983,223.660004,26.415298
2024-05-20,516.136597,82.688972,224.559998,26.584227
2024-05-21,517.40271,83.115494,224.229996,26.530882
2024-05-22,515.912781,83.215302,220.110001,26.39752
2024-05-23,512.14447,82.679901,215.720001,26.335283
2024-05-24,515.533081,82.924889,215.919998,26.388622
2024-05-28,515.893311,81.736115,218.190002,26.673141
2024-05-29,512.28064,80.746986,216.160004,26.593121
2024-05-30,508.882446,81.52739,216.570007,26.39752
2024-05-31,513.517395,82.080978,215.300003,26.353062
2024-06-03,513.936157,83.408585,217.220001,26.113007
2024-06-04,514.51062,84.382904,215.270004,25.686234
2024-06-05,520.625671,85.00209,217.820007,25.970743
2024-06-06,520.615967,84.874588,219.429993,26.032982
2024-06-07,519.983032,83.317528,211.600006,26.24637
2024-06-10,521.589661,82.762093,213.539993,26.477539
2024-06-11,522.845764,83.618027,214.149994,26.40641
2024-06-12,527.139954,84.2463,214.720001,26.317497
2024-06-13,528.201233,85.484688,212.970001,26.139679
2024-06-14,528.522705,86.204041,215.729996,26.139679
2024-06-17,532.729187,85.348099,214.610001,26.388622
2024-06-18,534.082703,86.131195,215.470001,26.388622
2024-06-20,532.631775,85.557549,218.160004,26.717594
2024-06-21,531.917725,85.557549,214.779999,26.637571
2024-06-24,530.18866,85.903549,215.630005,26.744267
2024-06-25,532.230286,86.049255,214.559998,26.682032
2024-06-26,532.894531,84.819992,212.580002,26.833179
2024-06-27,533.73468,85.156883,214.990005,26.863665
2024-06-28,531.634338,83.572479,215.009995,26.953325
2024-07-01,532.728577,82.130104,215.570007,27.392691
2024-07-02,536.313599,82.769547,215.559998,27.303024
2024-07-03,538.70697,83.85659,217.990005,27.311989
2024-07-05,541.813416,84.550789,220.929993,27.276123
2024-07-08,542.438721,84.733498,218.190002,27.141626
2024-07-09,542.966125,84.358963,218.559998,27.258192
2024-07-10,548.338806,84.623886,219.360001,27.419586
2024-07-11,543.610962,85.445999,223.25,27.042995
2024-07-12,547.039673,85.811417,223.110001,26.989195
2024-07-15,548.544128,84.82486,223.830002,27.00713
2024-07-16,551.797058,86.0215,228.289993,27.168524
2024-07-17,544.060242,86.039764,227.229996,26.693302
2024-07-18,539.87915,85.382057,225.779999,26.711235
2024-07-19,536.294067,84.879669,221.729996,26.603636
2024-07-22,541.823303,84.633018,221.800003,26.756065
2024-07-23,540.973267,84.514259,222.580002,26.531906
2024-07-24,528.71344,83.600815,221.800003,26.20911
2024-07-25,525.95874,84.285912,218.330002,26.047712
2024-07-26,531.849365,84.943604,220.630005,26.11944
2024-07-29,532.161926,85.40033,220.320007,26.038748
2024-07-30,529.465759,85.729195,222.520004,25.931149
2024-07-31,538.071899,86.606102,226.550003,25.949081
2024-08-01,530.452454,87.353088,225.770004,25.482821
2024-08-02,520.576233,90.075104,225.339996,24.639967
2024-08-05,505.4151,90.551712,222.479996,24.04818
2024-08-06,510.07486,88.52623,220.699997,24.110945
2024-08-07,506.665436,87.902985,220.550003,24.173712
2024-08-08,518.378235,87.362236,224.009995,24.478573
2024-08-09,520.664124,88.223763,224.559998,24.496508
2024-08-12,520.937622,88.544533,228.410004,24.631002
2024-08-13,529.504822,89.158623,228.059998,24.747568
2024-08-14,531.175171,89.717682,226.199997,24.765501
2024-08-15,540.279785,88.993645,226.910004,25.025528
2024-08-16,541.491089,89.30526,231.990005,25.115198
2024-08-19,546.668518,89.717682,231.610001,25.195894
2024-08-20,545.779541,90.432587,232.460007,25.061396
2024-08-21,547.655212,90.487556,232.149994,25.043463
2024-08-22,543.356812,89.589371,229.369995,25.070362
2024-08-23,549.130249,90.175941,232.020004,25.034498
2024-08-26,547.821106,89.946823,232.759995,25.061396
2024-08-27,548.573364,89.790993,233.389999,25.007597
2024-08-28,545.388855,89.681023,231.75,24.998629
2024-08-29,545.437622,89.387741,232.949997,25.079329
2024-08-30,550.644348,88.434555,231.289993,25.151062
2024-09-03,539.312683,89.880951,230.289993,24.971733
2024-09-04,538.20874,91.039497,230.429993,24.917933
2024-09-05,536.899719,91.554443,232.350006,24.944832
2024-09-06,527.863647,91.545219,230.630005,24.738605
2024-09-09,533.773743,91.940598,231.600006,24.846197
2024-09-10,536.098755,92.584244,232.619995,24.935863
2024-09-11,541.598572,92.510712,232.25,24.962765
2024-09-12,546.160583,92.078537,236.330002,25.025528
2024-09-13,549.013,92.326828,238.679993,25.097261
2024-09-16,549.823792,93.172737,238.660004,25.177958
2024-09-17,550.048401,92.722183,237.339996,25.133127
2024-09-18,548.417053,91.5728,235.509995,25.016563
2024-09-19,557.775452,91.269371,239.169998,25.267624
2024-09-20,556.811279,90.919975,242.210007,25.357292
2024-09-23,558.202759,90.726883,242.679993,25.357292
2024-09-24,559.799927,90.708473,246.070007,25.500755
2024-09-25,558.565308,89.954491,245.729996,25.464888
2024-09-26,560.779785,90.16597,246.979996,25.58145
2024-09-27,559.966614,90.634941,245.020004,25.482849
2024-09-30,562.21051,90.202751,243.059998,25.446665
2024-10-01,557.17395,90.854019,245.610001,25.473806
2024-10-02,557.409058,90.088394,245.660004,25.500946
2024-10-03,556.389954,89.239708,245.490005,25.220514
2024-10-04,561.446106,88.141968,245.0,25.130053
2024-10-07,556.370361,87.477791,244.169998,24.940086
2024-10-08,561.632263,87.625381,242.369995,24.931042
2024-10-09,565.522339,87.127243,241.050003,24.931042
2024-10-10,564.532715,86.785942,242.820007,24.858669
2024-10-11,567.913269,86.435402,245.470001,24.985317
2024-10-14,572.557922,86.499969,245.070007,24.994362
2024-10-15,568.109314,87.551582,245.919998,24.921991
2024-10-16,570.578491,87.920563,247.149994,25.003407
2024-10-17,570.627502,86.527641,248.630005,24.894857
2024-10-18,572.822388,86.592201,251.270004,25.012455
2024-10-21,571.881836,85.079361,251.220001,24.813442
2024-10-22,571.578003,85.162376,253.929993,24.804394
2024-10-23,566.355225,84.93177,250.869995,24.569197
2024-10-24,567.580139,85.476028,252.800003,24.659658
2024-10-25,567.384216,84.996338,253.320007,24.614426
2024-10-28,569.138123,84.765739,253.330002,24.704887
2024-10-29,570.059204,84.894867,256.089996,24.777258
2024-10-30,568.334656,85.143944,257.5,24.596334
2024-10-31,557.193542,85.282303,253.509995,24.361134
2024-11-01,559.545166,84.079979,252.470001,24.397318
2024-11-04,558.339966,85.385063,252.830002,24.306858
2024-11-05,565.091309,85.838585,253.399994,24.379227
2024-11-06,579.142578,83.48761,245.699997,24.460644
2024-11-07,583.620605,84.533516,249.649994,24.695843
2024-11-08,586.148682,85.607193,247.960007,24.623472
2024-11-11,586.707153,85.190674,242.139999,24.551105
2024-11-12,584.884644,83.913368,240.050003,24.514919
2024-11-13,585.168823,83.117363,237.630005,24.523968
2024-11-14,581.406189,83.598671,237.009995,24.397318
2024-11-15,573.959106,83.376534,236.589996,24.379227
2024-11-18,576.310791,83.524612,241.089996,24.388273
2024-11-19,578.417542,83.950386,243.25,24.379227
2024-11-20,578.613464,83.681969,244.619995,24.478735
2024-11-21,581.719604,83.617195,246.660004,24.542057
2024-11-22,583.522644,83.663445,249.839996,24.650614
2024-11-25,585.502014,85.82933,242.479996,24.542057
2024-11-26,588.559143,85.496124,242.949997,24.623472
2024-11-27,586.775757,86.088486,243.490005,24.469688
2024-11-29,590.420898,86.977036,245.589996,24.614426
2024-12-02,591.479126,87.186012,243.440002,24.713936
2024-12-03,591.753479,86.433701,243.929993,24.695843
2024-12-04,595.427979,87.362495,244.669998,24.777258
2024-12-05,594.448181,87.538986,242.860001,24.614426
2024-12-06,595.575073,87.669014,242.949997,24.741074
2024-12-09,592.507996,86.860947,245.360001,24.750116
2024-12-10,590.665894,86.452301,248.589996,24.732027
2024-12-11,595.231995,85.634949,250.960007,24.876764
2024-12-12,592.1651,84.594696,247.279999,24.768208
2024-12-13,592.047546,83.730919,244.289993,24.56015
2024-12-16,594.5755,83.981674,244.880005,24.551105
2024-12-17,592.125793,84.18602,243.940002,24.56015
2024-12-18,574.478516,83.133331,239.259995,24.34304
2024-12-19,574.302063,81.874596,239.600006,24.279722
2024-12-20,581.200012,82.340782,242.100006,24.297812
2024-12-23,584.680298,81.585533,240.960007,24.361134
2024-12-24,591.179077,81.930542,241.440002,24.451597
2024-12-26,591.218506,81.883904,243.070007,24.388273
2024-12-27,584.994934,81.212585,241.399994,24.361195
2024-12-30,578.319214,81.865257,240.630005,24.286495
2024-12-31,576.215332,81.427032,242.130005,24.426556
2025-01-02,574.7995,81.65081,245.419998,24.60397
2025-01-03,581.98645,81.38974,243.490005,24.594629
2025-01-06,585.33905,81.026085,243.190002,24.510593
2025-01-07,578.722351,80.112335,244.559998,24.585295
2025-01-08,579.567871,80.214912,245.860001,24.73469
2025-01-10,570.71936,79.683426,248.210007,24.99614
2025-01-13,571.604248,79.655464,245.740005,25.070837
2025-01-14,572.390747,79.524925,247.029999,24.87475
2025-01-15,582.80249,80.895569,248.880005,24.902763
2025-01-16,581.681702,81.156624,250.600006,24.87475
2025-01-17,587.521729,81.296509,249.270004,24.958786
2025-01-21,592.899597,82.023773,253.130005,24.697342
2025-01-22,596.232666,81.594849,254.429993,24.753366
2025-01-23,599.486877,80.960838,254.070007,24.818726
2025-01-24,597.736816,81.324471,255.649994,24.631979
2025-01-27,589.281494,82.284836,252.990005,24.463907
2025-01-28,594.344971,82.228882,255.179993,24.641317
2025-01-29,591.680481,82.061066,254.199997,24.622644
2025-01-30,594.856201,82.368759,258.049988,24.688005
2025-01-31,591.690369,81.827965,258.559998,24.716015
2025-02-03,587.708496,82.494202,259.940002,24.762705
2025-02-04,591.651123,82.746857,262.5,24.650658
2025-02-05,594.049866,84.113022,264.130005,24.585295
2025-02-06,596.114563,84.075584,263.429993,24.622644
2025-02-07,590.65802,83.532852,263.899994,24.716015
2025-02-10,594.669373,83.280228,268.369995,24.940113
2025-02-11,595.121704,82.746857,267.390015,24.94945
2025-02-12,593.204407,81.623978,267.670013,25.005476
2025-02-13,599.467224,82.980782,270.309998,24.930775
2025-02-14,599.437744,83.420601,266.290009,24.678667
2025-02-18,601.197632,82.438049,270.700012,25.05216
2025-02-19,602.613403,82.540993,270.850006,24.930775
2025-02-20,600.106262,82.84977,270.98999,24.790714
2025-02-21,589.842041,83.851036,270.73999,24.529268
2025-02-24,587.157959,84.094315,272.209991,24.482582
2025-02-25,584.237915,85.544693,268.619995,24.230474
2025-02-26,584.532898,86.049988,269.029999,24.239811
2025-02-27,575.202515,85.441772,264.929993,24.211802
2025-02-28,584.178955,86.489784,263.269989,24.146437
2025-03-03,573.944153,86.893433,266.73999,23.987701
2025-03-04,567.150452,85.823334,269.059998,23.800955
2025-03-05,573.246155,85.138092,269.619995,23.772943
2025-03-06,563.070312,84.856483,268.25,23.651556
2025-03-07,566.226318,84.584267,268.390015,23.688906
2025-03-10,551.14447,85.466629,266.040009,23.240711
2025-03-11,546.562988,84.856483,269.160004,23.231375
2025-03-12,549.463196,84.349617,270.329987,23.427462
2025-03-13,542.138611,85.091164,275.130005,23.446136
2025-03-14,553.336975,84.640594,275.23999,23.670233
2025-03-17,557.603943,85.062988,276.730011,23.763603
2025-03-18,551.577087,85.147484,279.959991,23.828966
2025-03-19,557.584229,85.588661,281.109985,23.838306
2025-03-20,555.971863,85.644966,280.75,23.772943
2025-03-21,556.155273,85.138092,278.48999,23.763603
2025-03-24,566.115173,84.265129,277.25,23.791616
2025-03-25,567.476074,84.255745,278.470001,23.828966
2025-03-26,560.701355,83.701904,278.23999,23.838306
2025-03-27,559.212219,83.457863,281.970001,23.91259
2025-03-28,547.950684,84.612434,284.059998,23.818558
2025-03-31,551.628906,85.447876,288.140015,23.752733
2025-04-01,553.186951,86.188301,287.570007,23.799749
2025-04-02,556.687805,86.13179,288.160004,23.733929
2025-04-03,529.253723,86.527443,286.420013,23.508247
2025-04-04,498.269653,87.469513,279.720001,23.226149
2025-04-07,497.382141,84.831757,273.709991,23.179131
2025-04-08,489.591797,83.230263,275.200012,23.14152
2025-04-09,541.008362,83.720139,285.380005,23.602282
2025-04-10,517.301941,81.412102,292.350006,23.470633
2025-04-11,526.532104,81.854874,297.929993,23.555264
2025-04-14,531.640198,82.438927,296.230011,23.45183
2025-04-15,530.151123,82.730972,297.779999,23.564667
2025-04-16,518.366882,83.192574,307.470001,23.649296
2025-04-17,519.106445,82.457779,306.119995,23.630491
2025-04-21,506.750336,81.016441,315.589996,23.611685
2025-04-22,519.934875,81.468643,311.109985,23.771542
2025-04-23,527.991516,82.259949,303.649994,23.74333
2025-04-24,539.105103,83.126633,308.070007,23.818558
2025-04-25,543.000427,83.738976,304.730011,23.931396
2025-04-28,543.207458,84.266518,309.070007,23.809151
2025-04-29,546.629272,84.973068,306.059998,23.74333
2025-04-30,546.846191,84.28537,303.769989,23.752733
2025-05-01,550.721741,83.857986,297.459991,23.592878
2025-05-02,558.896667,82.950287,297.980011,23.564667
2025-05-05,555.691772,82.486992,306.880005,23.621088
2025-05-06,551.04718,82.761185,315.480011,23.865574
2025-05-07,553.364563,83.111031,310.75,23.780943
2025-05-08,557.220276,82.184425,304.630005,23.696314
2025-05-09,556.510315,82.307335,306.839996,23.799749
2025-05-12,574.901489,81.541473,298.190002,23.677505
2025-05-13,578.69812,81.210548,299.459991,23.696314
2025-05-14,579.437744,80.6716,293.160004,23.630491
2025-05-15,582.267944,81.380714,297.839996,23.724522
2025-05-16,585.955994,81.598198,294.23999,23.686913
2025-05-19,586.596985,81.361832,298.029999,23.715118
2025-05-20,584.624634,80.77562,303.579987,23.762136
2025-05-21,574.773315,79.395157,305.820007,23.733929
2025-05-22,575.000122,79.811165,303.109985,23.686913
2025-05-23,571.075378,79.94355,309.75,23.818558
2025-05-27,582.948364,81.059265,304.5,23.752733
2025-05-28,579.575745,80.709419,303.809998,23.715118
2025-05-29,581.863586,81.456383,305.609985,23.752733
2025-05-30,581.212708,81.579285,303.600006,23.715118
2025-06-02,584.486694,80.820076,311.670013,23.856171
2025-06-03,587.819763,80.677719,308.910004,23.790346
2025-06-04,587.661987,81.987366,310.899994,23.91259
2025-06-05,584.821899,82.044312,309.329987,23.865574
2025-06-06,590.827393,81.000381,305.179993,23.799749
2025-06-09,591.359863,81.0858,306.619995,23.809151
2025-06-10,594.71283,81.503365,306.709991,23.818558
2025-06-11,593.016663,81.750114,308.369995,23.959604
2025-06-12,595.373413,82.727623,312.200012,24.08185
2025-06-13,588.717163,81.930443,316.290009,24.157076
2025-06-16,594.318359,81.104767,311.779999,24.100655
2025-06-17,589.239807,82.091766,311.940002,24.119461
2025-06-18,589.151001,82.234146,310.26001,24.119461
2025-06-20,587.767395,82.082275,310.130005,24.138268
2025-06-23,593.573059,82.348015,311.079987,24.119461
2025-06-24,600.130371,82.9459,306.190002,24.204092
2025-06-25,600.466675,83.050293,307.119995,24.222897
2025-06-26,605.164612,83.467873,306.779999,24.345139
2025-06-27,608.171326,82.936417,301.220001,24.327156
2025-06-30,611.079102,83.752571,304.829987,24.355553
2025-07-01,610.881287,83.960243,307.549988,24.374485
2025-07-02,613.650574,83.426811,309.25,24.440746
2025-07-03,618.487,82.845726,307.140015,24.393417
2025-07-07,613.878052,82.055092,307.369995,24.31769
2025-07-08,613.541809,81.950317,304.160004,24.33662
2025-07-09,617.221008,82.807632,305.519989,24.383949
2025-07-10,618.961731,82.864777,306.200012,24.346087
2025-07-11,616.785767,81.721703,309.140015,24.374485
2025-07-14,617.962708,81.550232,308.01001,24.33662
2025-07-15,615.322021,80.978699,306.730011,24.232498
2025-07-16,617.379211,81.092987,308.26001,24.33662
2025-07-17,621.157349,81.073944,307.589996,24.33662
2025-07-18,620.702454,81.197777,308.390015,24.402884
2025-07-21,621.879395,81.921745,313.130005,24.497541
2025-07-22,621.968445,82.417068,316.100006,24.554337
2025-07-23,627.259827,81.959846,312.179993,24.61113
2025-07-24,627.467468,81.816948,310.269989,24.563803
2025-07-25,630.118103,82.331345,307.399994,24.54487
2025-07-28,629.959839,81.797905,305.410004,24.440746
2025-07-29,628.298279,83.179123,306.25,24.421814
2025-07-30,627.507019,82.750488,300.959991,24.260895
2025-07-31,625.153137,82.798088,302.959991,24.241964
2025-08-01,614.906616,83.975197,309.109985,24.071579
2025-08-04,624.253052,84.204704,310.910004,24.251431
2025-08-05,621.088135,84.462883,311.160004,24.241964
2025-08-06,625.845459,83.975197,310.5,24.270359
2025-08-07,625.321228,83.831772,313.119995,24.374485
2025-08-08,630.197205,83.468414,313.049988,24.374485
2025-08-11,628.95105,83.564049,308.549988,24.346087
2025-08-12,635.646912,83.143295,308.269989,24.535404
2025-08-13,637.822815,83.831772,309.209991,24.667923
2025-08-14,637.88208,83.210228,307.25,24.582731
2025-08-15,636.388611,82.617386,307.429993,24.535404
2025-08-18,636.250122,82.378334,306.950012,24.573267
2025-08-19,632.798401,82.856445,305.269989,24.440746
2025-08-20,631.117004,83.038109,308.359985,24.412348
2025-08-21,628.585083,82.626953,307.290009,24.412348
2025-08-22,638.238159,83.23893,310.579987,24.762583
2025-08-25,635.429199,82.99987,309.829987,24.648994
2025-08-26,638.089783,82.952057,312.079987,24.620594
2025-08-27,639.543701,82.856445,312.709991,24.61113
2025-08-28,641.808533,83.401482,315.029999,24.696321
2025-08-29,637.980957,82.808609,318.070007,24.563803
2025-09-02,633.253357,82.192398,325.589996,24.630062
2025-09-03,636.685364,83.09465,328.140015,24.72472
2025-09-04,642.006287,83.728157,326.690002,24.876173
2025-09-05,640.146912,85.004761,331.049988,24.961367
2025-09-08,641.719543,86.137398,334.820007,25.169613
2025-09-09,643.203186,85.647865,334.059998,25.198011
2025-09-10,645.0625,86.137398,335.26001,25.321066
2025-09-11,650.423157,86.713318,334.76001,25.510382
2025-09-12,650.205505,86.338974,335.420013,25.500917
2025-09-15,653.667175,86.540527,338.910004,25.709166
2025-09-16,652.76709,86.7229,339.589996,25.661837
2025-09-17,651.956177,86.502136,336.970001,25.623972
2025-09-18,655.00238,85.609482,335.619995,25.699699
2025-09-19,658.246521,85.446297,339.179993,25.709166
2025-09-22,661.360718,85.139137,345.049988,25.81329
2025-09-23,657.76062,85.734253,346.459991,25.841686
2025-09-24,655.667847,85.407913,343.320007,25.803825
2025-09-25,652.642944,85.407913,344.75,25.794357
2025-09-26,656.381958,85.331123,346.73999,25.851152
2025-09-29,658.226685,86.031815,352.459991,25.956768
2025-09-30,660.706116,85.782242,355.470001,25.985313
2025-10-01,662.95752,86.003769,356.029999,26.080463
2025-10-02,663.721069,86.254227,354.790009,26.118523
2025-10-03,663.711304,86.090477,357.640015,26.223186
2025-10-06,666.091492,85.406609,364.380005,26.736996
2025-10-07,663.621948,85.897827,366.26001,26.794083
2025-10-08,667.579163,85.965263,372.299988,27.136621
2025-10-09,665.645203,85.897827,365.429993,26.822628
2025-10-10,647.654236,87.284843,369.119995,25.86162
2025-10-13,657.591919,87.236687,378.089996,26.613298
2025-10-14,656.788574,87.516006,380.790009,26.65136
2025-10-15,659.704407,87.323357,387.390015,26.832146
2025-10-16,655.211609,87.978333,396.450012,27.00341
2025-10-17,658.930847,87.843498,388.98999,26.851171
2025-10-20,665.784058,88.180611,403.149994,27.307892
2025-10-21,665.774109,88.614037,377.23999,27.050987
2025-10-22,662.312805,88.671844,377.279999,26.974869
2025-10-23,666.240295,88.065033,378.790009,27.00341
2025-10-24,671.685181,88.103561,377.519989,27.117592
2025-10-27,679.609558,88.402138,367.01001,27.184196
2025-10-28,681.414551,88.633308,364.380005,27.098562
2025-10-29,681.741882,87.737541,363.0,27.00341
2025-10-30,674.244019,87.227036,370.130005,27.031956
2025-10-31,676.455627,86.966988,368.119995,26.993898
2025-11-03,677.725098,86.749474,368.779999,27.041473
2025-11-04,669.69165,86.942818,362.320007,26.679905
2025-11-05,672.012451,85.995468,366.51001,26.822628
2025-11-06,664.802185,86.768829,366.070007,26.708448
2025-11-07,665.456726,86.585159,368.309998,26.784569
2025-11-10,675.840698,86.565819,378.380005,27.089046
2025-11-11,677.387939,86.962151,379.869995,27.260317
2025-11-12,677.764832,87.116806,385.98999,27.507704
2025-11-13,666.518005,86.401482,382.869995,27.212742
2025-11-14,666.408813,85.908478,375.959991,27.031956
2025-11-17,660.200317,86.121132,371.649994,26.974869
2025-11-18,654.65625,86.09214,374.350006,26.955837
2025-11-19,657.185303,85.918144,374.959991,27.117592
2025-11-20,647.168335,86.256477,374.850006,27.127108
2025-11-21,653.614868,86.517479,374.269989,27.089046
2025-11-24,663.235168,87.010483,380.200012,27.307892
2025-11-25,669.473572,87.232826,380.079987,27.374496
2025-11-26,674.095215,87.619484,383.119995,27.526735
2025-11-28,677.774719,87.203812,387.880005,27.507704
2025-12-01,674.680359,86.11824,389.75,27.279346
2025-12-02,675.929993,86.157043,387.23999,27.355463
2025-12-03,678.27063,86.399574,386.880005,27.374496
2025-12-04,678.766479,85.933922,387.130005,27.269831
2025-12-05,680.055786,85.536171,386.440002,27.28886
2025-12-08,678.012695,85.254822,385.420013,27.269831
2025-12-09,677.427612,85.34214,387.399994,27.431583
2025-12-10,681.92041,85.671982,389.049988,27.536249
2025-12-11,683.507202,85.555565,393.23999,27.621885
2025-12-12,676.158142,84.730957,395.440002,27.564795
2025-12-15,675.136597,84.789177,395.799988,27.526735
2025-12-16,673.29187,85.254822,395.890015,27.441101
2025-12-17,665.88324,85.177216,399.290009,27.498188
2025-12-18,670.91156,85.584671,398.570007,27.536249
2025-12-19,676.99231,85.265236,399.019989,27.878786
2025-12-22,681.2099,85.0802,408.230011,27.983452
2025-12-23,684.323303,85.21653,413.640015,28.040541
2025-12-24,686.73053,85.732712,411.929993,28.011997
2025-12-26,686.660889,85.450272,416.73999,28.19278
2025-12-29,684.213867,85.771675,398.600006,27.859758
2025-12-30,683.378357,85.567146,398.890015,27.887505
2025-12-31,678.315247,84.885422,396.309998,27.808224
2026-01-02,679.558594,84.758804,398.279999,27.897417
2026-01-05,684.084534,85.177574,408.76001,28.105532
2026-01-06,688.152954,85.002281,413.179993,28.184814
2026-01-07,685.934753,85.498978,409.230011,28.0758
2026-01-08,685.865112,85.070457,411.48999,28.026249
2026-01-09,690.401001,85.635315,414.470001,28.244276
2026-01-12,691.485229,85.382103,422.230011,28.591135
2026-01-13,690.1026,85.528191,421.630005,28.551495
2026-01-14,686.710632,86.024887,425.940002,28.650597
2026-01-15,688.580688,86.005394,423.329987,28.601046
2026-01-16,688.003723,85.508705,421.290009,28.452391
2026-01-20,673.998169,84.388718,437.230011,28.501944
2026-01-21,681.776855,85.031494,443.600006,28.928085
2026-01-22,685.337952,85.401588,451.790009,29.225393
2026-01-23,685.586548,85.635315,458.0,29.096561
2026-01-26,689.068054,86.044357,464.700012,29.037096
2026-01-27,691.813477,85.508705,476.100006,29.601984
2026-01-28,691.743835,85.313942,494.559998,29.800188
2026-01-29,690.371155,85.333412,495.899994,29.919113
2026-01-30,688.312073,84.856194,444.950012,28.928085
2026-02-02,691.733948,84.613747,427.130005,28.809162
2026-02-03,685.88501,84.819054,454.290009,29.334406
2026-02-04,682.562683,84.603966,453.970001,29.413689
2026-02-05,674.037964,85.522949,441.880005,28.937996
2026-02-06,686.969238,85.581596,455.459991,29.88938
2026-02-09,690.281677,85.562042,467.029999,30.345255
2026-02-10,688.461304,86.549446,462.399994,30.246151
2026-02-11,688.302185,86.089966,467.630005,30.355162
2026-02-12,677.668701,87.233788,451.390015,29.88938
2026-02-13,678.146118,87.71283,462.619995,30.107405
2026-02-17,679.240295,87.859474,448.200012,29.909203
2026-02-18,682.662109,87.527084,458.279999,30.275883
2026-02-19,680.861633,87.615074,459.559998,30.335344
2026-02-20,685.785583,87.40976,468.619995,30.692114
2026-02-23,678.782776,87.732384,481.279999,30.672293
2026-02-24,683.716492,87.888809,474.609985,30.830858
2026-02-25,689.485901,87.898582,473.420013,31.038971
2026-02-26,685.656189,88.250534,477.480011,30.959692
2026-02-27,682.363708,88.788223,483.75,31.187626
2026-03-02,682.751709,87.896599,490.0,31.009243
2026-03-03,676.733704,87.720032,468.140015,30.047945
2026-03-04,681.50824,87.445396,471.799988,30.335344
2026-03-05,677.708496,87.092278,466.130005,29.978575
2026-03-06,668.825684,86.768585,473.51001,30.533548
2026-03-09,674.68457,87.523865,472.529999,30.593012
2026-03-10,673.600281,86.592033,477.859985,30.652472
2026-03-11,672.754822,85.473831,476.23999,30.612831
2026-03-12,662.539062,85.307076,466.880005,30.62274
2026-03-13,658.789001,84.8853,460.839996,30.384895
2026-03-16,665.493408,85.542503,460.429993,30.543459
2026-03-17,667.244019,85.777901,459.269989,30.791216
2026-03-18,657.933533,85.297264,444.73999,30.533548
2026-03-19,656.312195,85.817139,426.410004,29.968662
2026-03-20,646.903442,84.188881,413.380005,29.542522
2026-03-23,653.695923,84.738174,404.040009,29.284853
2026-03-24,651.501587,84.36544,404.130005,29.443419
2026-03-25,655.132202,85.179565,416.290009,29.641624
2026-03-26,643.432373,84.463524,400.640015,29.592075
2026-03-27,632.460632,84.00251,414.700012,29.958754
2026-03-30,630.346069,85.120712,414.579987,30.057251
2026-03-31,648.668884,85.03244,430.290009,29.997555
2026-04-01,653.556274,84.94873,437.820007,30.057251
2026-04-02,654.144775,85.470665,429.410004,30.156746
2026-04-06,657.236816,85.332794,427.649994,30.286089
2026-04-07,657.526001,85.322945,431.809998,30.27614
2026-04-08,674.272949,85.598686,434.529999,30.027405
2026-04-09,678.162842,85.382034,437.910004,30.116949
2026-04-10,677.71405,85.175224,437.130005,30.176645
2026-04-13,684.336975,85.431282,435.359985,30.286089
2026-04-14,692.675537,85.884293,445.089996,30.146797
2026-04-15,698.141418,85.510063,440.459991,30.107
2026-04-16,699.856995,84.968414,440.079987,30.26619
2026-04-17,708.315247,85.746407,445.929993,29.818464
2026-04-20,706.898804,85.726715,442.089996,30.017454
2026-04-21,702.270813,85.254013,429.570007,30.176645
2026-04-22,709.382507,85.421425,435.26001,30.256241
2026-04-23,706.629578,85.234314,431.040009,30.315937
2026-04-24,712.105469,85.391884,433.25,30.355736
2026-04-27,713.332275,84.968414,429.890015,30.465179
2026-04-28,709.861206,85.057053,421.910004,30.564672
2026-04-29,709.751526,84.397232,417.410004,30.962652
2026-04-30,716.813293,84.318459,423.660004,30.405481
2026-05-01,718.798218,84.619926,423.179993,30.375635
2026-05-04,716.164978,83.97744,414.709991,30.544775
2026-05-05,721.910217,84.442009,418.269989,30.584572
2026-05-06,731.944336,85.084496,430.959991,30.29604
2026-05-07,729.700134,84.65947,431.679993,30.395533
2026-05-08,735.724609,85.084496,433.769989,30.534826
2026-05-11,737.400269,84.570503,434.649994,30.863157
2026-05-12,736.283142,84.007088,432.929993,30.863157
2026-05-13,740.402527,83.81929,430.5,30.962652
2026-05-14,746.247498,83.937904,427.209991,31.082045
2026-05-15,737.27063,82.692482,417.290009,31.072094
2026-05-18,736.751953,82.593628,418.429993,31.15169
2026-05-19,731.844604,82.059875,411.5,31.16164
2026-05-20,739.345276,82.939583,417.399994,30.952702
2026-05-21,740.811462,83.246002,416.98999,30.952702
2026-05-22,743.723999,83.700684,413.820007,30.932802
2026-05-26,748.661316,84.115822,414.0,31.012398
2026-05-27,748.531616,84.313515,408.48999,30.853207
2026-05-28,752.66095,84.748413,412.769989,30.883057
2026-05-29,754.536133,84.768188,417.119995,30.843258
2026-06-01,756.59082,84.813843,411.26001,31.131792
2026-06-02,757.618225,84.992455,411.950012,31.251184
2026-06-03,752.30188,84.655067,407.869995,31.261135
2026-06-04,755.144592,84.843605,411.269989,31.131792
2026-06-05,735.654785,84.406982,396.23999,30.504976
2026-06-08,737.320435,83.970367,397.269989,30.713917
2026-06-09,735.156067,84.46653,390.779999,30.624371
2026-06-10,723.565918,84.228363,374.579987,30.644268
2026-06-11,735.864258,85.319931,386.320007,30.584572
2026-06-12,739.843994,85.111534,386.540009,30.664167
2026-06-15,752.890381,85.06192,396.549988,30.723864
2026-06-16,748.401978,85.528313,397.630005,30.475128
2026-06-17,739.05603,85.667244,388.600006,30.514927
2026-06-18,746.73999,86.084015,387.119995,30.763662
2026-06-22,744.390015,85.429077,384.589996,30.803459
2026-06-23,733.580017,85.538231,377.320007,30.415432
2026-06-24,733.23999,86.709167,365.920013,30.286089
2026-06-25,734.299988,86.679405,369.459991,30.365685
2026-06-26,728.98999,86.689331,373.630005,30.107
2026-06-29,741.0,86.778641,368.579987,30.370001
2026-06-30,746.77002,85.756538,368.380005,30.610001
2026-07-01,745.76001,85.17688,370.600006,30.52
2026-07-02,744.780029,85.166924,378.130005,30.33
2026-07-06,751.280029,85.107155,382.130005,30.65
2026-07-07,747.710022,84.210777,377.48999,30.68
2026-07-08,745.400024,84.021538,374.450012,30.799999
2026-07-09,751.710022,84.151009,378.179993,30.76
2026-07-10,754.950012,84.131096,377.01001,30.799999
2026-07-13,749.169983,83.633102,367.130005,30.99
2026-07-14,751.830017,83.742661,372.149994,31.02
2026-07-15,754.809998,83.902016,372.350006,30.99
2026-07-16,750.719971,83.872131,364.959991,30.879999
2026-07-17,743.289978,84.180885,368.410004,30.870001
2026-07-20,742.090027,83.553421,367.600006,30.940001
2026-07-21,748.280029,83.324348,374.809998,31.32
2026-07-22,747.409973,83.105225,379.119995,31.389999
2026-07-23,738.179993,82.836304,371.519989,31.49
2026-07-24,738.929993,82.915985,371.899994,31.41
2026-07-27,739.090027,83.413979,374.630005,31.27
2026-07-28,740.859985,83.902016,369.369995,31.040001
2026-07-29,729.460022,82.517593,371.079987,31.030001
2026-07-30,741.690002,82.467796,377.160004,30.84
2026-07-31,747.030029,81.919998,371.540009,30.92
2026-08-03,757.669983,82.190002,371.709991,30.629999
2026-08-04,771.330017,82.82,374.160004,30.690001
2026-08-05,769.789978,83.0,389.640015,30.700001
2026-08-06,768.559998,82.519997,389.670013,30.940001
2026-08-07,773.26001,82.760002,398.470001,30.93
2026-08-10,773.030029,82.059998,402.540009,31.32
2026-08-11,770.559998,82.190002,400.959991,
2026-08-12,772.48999,82.110001,404.920013,31.43
2026-08-13,777.880005,82.589996,398.959991,31.32
2026-08-14,776.340027,82.040001,401.480011,31.35
2026-08-17,772.669983,81.349998,405.48999,31.540001
